Workbook
Name DESCRIPTORS: 'Helper (Do Not Delete)'!$T$3:$W$7
Name FemaleLearners: INPUT!$B$63:$B$112
Name MaleLearners: INPUT!$B$12:$B$61
Name NewTransmu: 'Helper (Do Not Delete)'!$H$3:$K$43
Name T1_Names: TERM1!$B$13:$B$114
Name TRANSMUTATION_TABLE: 'DO NOT DELETE'!$G$2:$J$42

Sheet INPUT
A1: Class Record
A3: (Waiting for the Official DepEd Order)
B4: REGION | G4: 10 | I4: DIVISION | L4: CDO
B5: SCHOOL NAME | G5: {school_name} | Q5: SCHOOL ID | S5: 405198 | V5: SCHOOL YEAR | Y5: {school_year}
F7: GRADE & SECTION: | J7: {class} | N7: TEACHER: | Q7: {subject_teacher} | W7: SUBJECT: | Y7: {subject_name} | AC7: WRITTEN / ORAL WORKS | AK7: 0.2
B8: LEARNERS' NAMES | AC8: PRODUCT / PERFORMANCE TASKS | AK8: 0.8
B10: HIGHEST POSSIBLE SCORE
B11: MALE | AC11: SUMMATIVE TESTS AND TERM EXAMINATIONS | AK11: 0.3
AS12: =(V12/$V$10)*100 -> #DIV/0!
AS13: =(V13/$V$10)*100 -> #DIV/0!
AS14: =(V14/$V$10)*100 -> #DIV/0!
AS15: =(V15/$V$10)*100 -> #DIV/0!
AS16: =(V16/$V$10)*100 -> #DIV/0!
AS17: =(V17/$V$10)*100 -> #DIV/0!
AS18: =(V18/$V$10)*100 -> #DIV/0!
AS19: =(V19/$V$10)*100 -> #DIV/0!
AS20: =(V20/$V$10)*100 -> #DIV/0!
AS21: =(V21/$V$10)*100 -> #DIV/0!
AS22: =(V22/$V$10)*100 -> #DIV/0!
AS23: =(V23/$V$10)*100 -> #DIV/0!
... AS61: =(V61/$V$10)*100 -> #DIV/0!
