Workbook
Name DESCRIPTORS: 'Helper (Do Not Delete)'!$T$3:$W$7
Name FemaleLearners: INPUT!$C$62:$C$111
Name MaleLearners: INPUT!$C$11:$C$60
Name NewTransmu: 'Helper (Do Not Delete)'!$H$3:$K$43
Name T1_Names: TERM1!$B$13:$B$114
Name TRANSMUTATION_TABLE: 'DO NOT DELETE'!$G$2:$J$42

Sheet INPUT
A1: Class Record
A3: (Waiting for the Official DepEd Order)
C4: REGION | H4: 10 | J4: DIVISION | M4: CDO
C5: SCHOOL NAME | H5: Bridgette School Management System | R5: SCHOOL ID | T5: 405198 | W5: SCHOOL YEAR | Z5: {school_year}
G7: GRADE & SECTION: | K7: Grade 8 Diamond | O7: TEACHER: | R7: Abueva, Apple Joy Middle Name | X7: SUBJECT: | Z7: Science 8 | AD7: WRITTEN / ORAL WORKS | AL7: 0.2
B8: ID NO. | C8: LEARNERS' NAMES | AD8: PRODUCT / PERFORMANCE TASKS | AL8: 0.8
A9: HIGHEST POSSIBLE SCORE | AD9: PLACEHOLDER | AL9: 0.2
B10: MALE
A11: {start_boys_numbering} | B11: {boys_start_id} | C11: {start_boys}
A12: 1 | B12: 2022-00001 | C12: Ando, Ryanjel | AT12: =(W12/$W$9)*100 -> #DIV/0!
A13: 2 | B13: 2022-00044 | C13: Arante, Cobe Mc Daniel | AT13: =(W13/$W$9)*100 -> #DIV/0!
A14: 3 | B14: 2022-00418 | C14: Barnido, Charllys Moore | AT14: =(W14/$W$9)*100 -> #DIV/0!
A15: 4 | B15: 2023-00532 | C15: CAPILI, SCHAN MARC STEVEN | AT15: =(W15/$W$9)*100 -> #DIV/0!
A16: 5 | B16: 2022-00002 | C16: Cuizon, Cyril | AT16: =(W16/$W$9)*100 -> #DIV/0!
A17: 6 | B17: 2022-00003 | C17: Deguiñon, Paul Jhon | AT17: =(W17/$W$9)*100 -> #DIV/0!
A18: 7 | B18: 002026-000193 | C18: Dela Cruz, Juan | AT18: =(W18/$W$9)*100 -> #DIV/0!
A19: 8 | B19: 2022-00047 | C19: Dela Cruz, Stacey Samson | AT19: =(W19/$W$9)*100 -> #DIV/0!
A20: 9 | B20: 2023-00510 | C20: DURIAS, KIRK ADRIANE | AT20: =(W20/$W$9)*100 -> #DIV/0!
A21: 10 | B21: 2022-00005 | C21: Fernandez, Jhon Kenneth | AT21: =(W21/$W$9)*100 -> #DIV/0!
A22: 11 | B22: 2022-00006 | C22: Figueroa, John Rech | AT22: =(W22/$W$9)*100 -> #DIV/0!
A23: 12 | B23: 2022-00007 | C23: Intes, TJ Philip | AT23: =(W23/$W$9)*100 -> #DIV/0!
... A31: 20 | B31: 2023-00512 | C31: WENCESLAO, EC WHISTLER | AT31: =(W31/$W$9)*100 -> #DIV/0!
AT32: =(W32/$W$9)*100 -> #DIV/0!
AT33: =(W33/$W$9)*100 -> #DIV/0!
AT34: =(W34/$W$9)*100 -> #DIV/0!
AT35: =(W35/$W$9)*100 -> #DIV/0!
AT36: =(W36/$W$9)*100 -> #DIV/0!
AT37: =(W37/$W$9)*100 -> #DIV/0!
AT38: =(W38/$W$9)*100 -> #DIV/0!
AT39: =(W39/$W$9)*100 -> #DIV/0!
AT40: =(W40/$W$9)*100 -> #DIV/0!
AT41: =(W41/$W$9)*100 -> #DIV/0!
AT42: =(W42/$W$9)*100 -> #DIV/0!
AT43: =(W43/$W$9)*100 -> #DIV/0!
... AT51: =(W51/$W$9)*100 -> #DIV/0!
A61: {end_boys_numbering} | B61: {boys_end_id} | C61: {end_boys} | F61: {end_boys_numbering}
C62: FEMALE
A63: {start_girls_numbering} | B63: {girls_start_id} | C63: {start_girls}
A64: 1 | B64: 2022-00020 | C64: Araquil, Jheane Joel
A65: 2 | B65: 2022-00021 | C65: Balacuit, Kyle Anjheilee
A66: 3 | B66: 2022-00022 | C66: Barcelona, Jannah Grich
A67: 4 | B67: 2022-00421 | C67: Bartonico, Flenzeu
A68: 5 | B68: 2022-00422 | C68: Bernaldo, Rutchyl Gem
A69: 6 | B69: 2022-00023 | C69: Borja, Wins Daughter
A70: 7 | B70: 2023-00520 | C70: CABIGAS, HUETTE EVANNY
A71: 8 | B71: 2023-00518 | C71: CAHANAP, ALESSA KRISTINE
A72: 9 | B72: 2022-00025 | C72: Catubay, Cyril Jhean
A73: 10 | B73: 2022-00026 | C73: Dolotallas, Ashanti Leigh | AT73: =(W73/$W$9)*100 -> #DIV/0!
A74: 11 | B74: 2022-00027 | C74: Egay, Charice | AT74: =(W74/$W$9)*100 -> #DIV/0!
A75: 12 | B75: 2022-00028 | C75: Ferraren, Abegail Jane | AT75: =(W75/$W$9)*100 -> #DIV/0!
A76: 13 | B76: 2022-00029 | C76: Gales, Jillian | AT76: =(W76/$W$9)*100 -> #DIV/0!
A77: 14 | B77: 2022-00030 | C77: Logronio, Cherry Pearl | AT77: =(W77/$W$9)*100 -> #DIV/0!
A78: 15 | B78: 2022-00031 | C78: Mayo, Hershey Lhe | AT78: =(W78/$W$9)*100 -> #DIV/0!
A79: 16 | B79: 2023-00591 | C79: Minguito, Vibriel | AT79: =(W79/$W$9)*100 -> #DIV/0!
A80: 17 | B80: 2023-00513 | C80: OCASION, ELISHA MAE | AT80: =(W80/$W$9)*100 -> #DIV/0!
A81: 18 | B81: 2022-00032 | C81: Omega, Jabeah Kharla | AT81: =(W81/$W$9)*100 -> #DIV/0!
A82: 19 | B82: 2022-00077 | C82: Pacli-an, Quennie Joy | AT82: =(W82/$W$9)*100 -> #DIV/0!
A83: 20 | B83: 2022-00033 | C83: Pasco, Raechelle Vyene | AT83: =(W83/$W$9)*100 -> #DIV/0!
A84: 21 | B84: 2022-00036 | C84: Sagadsad, Daphney | AT84: =(W84/$W$9)*100 -> #DIV/0!
... A89: 26 | B89: 2022-00042 | C89: Villacencio, Kharla | AT89: =(W89/$W$9)*100 -> #DIV/0!
AT90: =(W90/$W$9)*100 -> #DIV/0!
AT91: =(W91/$W$9)*100 -> #DIV/0!
AT92: =(W92/$W$9)*100 -> #DIV/0!
AT93: =(W93/$W$9)*100 -> #DIV/0!
AT94: =(W94/$W$9)*100 -> #DIV/0!
AT95: =(W95/$W$9)*100 -> #DIV/0!
AT96: =(W96/$W$9)*100 -> #DIV/0!
AT97: =(W97/$W$9)*100 -> #DIV/0!
AT98: =(W98/$W$9)*100 -> #DIV/0!
AT99: =(W99/$W$9)*100 -> #DIV/0!
AT100: =(W100/$W$9)*100 -> #DIV/0!
AT101: =(W101/$W$9)*100 -> #DIV/0!
... AT111: =(W111/$W$9)*100 -> #DIV/0!
A112: {end_girls_numbering} | B112: {girls_end_id} | C112: {end_girls}

Sheet TERM1
A1: Class Record
C4: REGION | D4: =INPUT!H4 -> 10 | F4: DIVISION | I4: =INPUT!M4 -> CDO
C5: SCHOOL NAME | D5: =INPUT!H5 -> Bridgette School Management System | N5: SCHOOL ID | P5: =INPUT!T5 -> 405198 | S5: SCHOOL YEAR | W5: =INPUT!Z5 -> {school_year}
A7: TERM 1 | D7: GRADE & SECTION: | I7: =INPUT!K7 -> Grade 8 Diamond | L7: TEACHER: | O7: =INPUT!R7 -> Abueva, Apple Joy Middle Name | R7: SUBJECT: | U7: =INPUT!Z7 -> Science 8
B8: ID NO. | C8: LEARNERS' NAMES | D8: =INPUT!AD7 & " (" & TEXT(INPUT!AL7, "0%") & ")" -> WRITTEN / ORAL WORKS (20%) | L8: =INPUT!AD8 & " (" & TEXT(INPUT!AL8, "0%") & ")" -> PRODUCT / PERFORMANCE TASKS (80%) | R8: =INPUT!AD9 & " (" & TEXT(INPUT!AL9, "0%") & ")" -> PLACEHOLDER (20%) | X8: Initial Grade | Y8: Term Grade | Z8: DESCRIPTOR
D9: 1 | E9: 2 | F9: 3 | G9: 4 | H9: 5 | I9: Total | J9: PS | K9: WS | L9: 1 | M9: 2 | N9: 3 | O9: Total | P9: PS | Q9: WS | R9: EE1 | S9: EE2 | T9: TFE | U9: Total | V9: PS | W9: WS
A10: HIGHEST POSSIBLE SCORE | D10: 1 | E10: 1 | F10: 1 | G10: 1 | H10: 1 | I10: =IF(COUNT($D10:$H10)=0,"",SUM($D10:$H10)) -> 5 | J10: 100 | K10: =INPUT!AL7 -> 0.2 | L10: 1 | M10: 1 | N10: 1 | O10: =IF(COUNT($L10:$N10)=0,"",SUM($L10:$N10)) -> 3 | P10: 100 | Q10: =INPUT!AL8 -> 0.8 | R10: 1 | S10: 1 | T10: 1 | U10: =IF(COUNT($R10:$T10=0),"",SUM($R10:$T10)) -> 3 | V10: 100 | W10: =INPUT!AL9 -> 0.2
B11: MALE
A12: {start_boys_numbering} | B12: {boys_start_id} | C12: {start_boys} | D12: {ww} | E12: {ww} | F12: {ww} | G12: {ww} | H12: {ww} | I12: {wwt} | J12: {wwps} | K12: {wwws} | L12: {pt} | M12: {pt} | N12: {pt} | O12: {ptt} | P12: {ptps} | Q12: {ptws} | R12: {ee1} | S12: {ee2} | T12: {tfe} | U12: {qa} | V12: {qaps} | W12: {qaws} | X12: {ini-grade} | Y12: {grade} | Z12: {descriptor}
A13: =INPUT!A12 -> 1 | B13: =INPUT!B12 -> 2022-00001 | C13: =INPUT!C12 -> Ando, Ryanjel | D13: 1 | E13: 1 | F13: 1 | G13: 1 | H13: 1 | I13: =IF(COUNT($D13:$H13)=0,"",SUM($D13:$H13)) -> 5 | J13: =IF(ISERROR(IF($I13="","",ROUND(($I13/$I$10)*$J$10,2))),"",IF($I13="","",ROUND(($I13/$I$10)*$J$10,2))) -> 100 | K13: =IF($J13="","",ROUND($J13*$K$10,2)) -> 20 | L13: 1 | M13: 1 | N13: 1 | O13: =IF(COUNT($L13:$N13)=0,"",SUM($L13:$N13)) -> 3 | P13: =IF(ISERROR(IF($O13="","",ROUND(($O13/$O$10)*$P$10,2))),"",IF($O13="","",ROUND(($O13/$O$10)*$P$10,2))) -> 100 | Q13: =IF($P13="","",ROUND($P13*$Q$10,2)) -> 80 | R13: 1 | S13: 1 | T13: 1 | U13: =IF(COUNT($R13:$T13)=0,"",SUM($R13:$T13)) -> 3 | V13: =IF(ISERROR(IF($U13="","",ROUND(($U13/$U$10)*$V$10,2))),"",IF($U13="","",ROUND(($U13/$U$10)*$V$10,2))) -> 100 | W13: =IF($V13="","",ROUND($V13*$W$10,2)) -> 20 | X13: =IF(ISERROR(IF($U13="","",ROUND(SUM($K13,$Q13,$W13),2))),"",IF($U13="","",ROUND(SUM($K13,$Q13,$W13),2))) -> 120 | Y13: =IF(ISERROR(IF($U13="","",VLOOKUP(X13,NewTransmu,4,TRUE))),"",IF($U13="","",VLOOKUP(X13,NewTransmu,4,TRUE))) -> 100 | Z13: =IF(ISERROR(IF(Y13="","",VLOOKUP(Y13,DESCRIPTORS,4,TRUE))),"",IF(Y13="","",VLOOKUP(Y13,DESCRIPTORS,4,TRUE))) -> Advancing | AT13: =(R13/$R$10)*100 -> 100 | AU13: =(S13/$S$10)*100 -> 100 | AV13: =(T13/$T$10)*100 -> 100
A14: =INPUT!A13 -> 2 | B14: =INPUT!B13 -> 2022-00044 | C14: =INPUT!C13 -> Arante, Cobe Mc Daniel | D14: 1 | E14: 1 | F14: 1 | G14: 1 | H14: 1 | I14: =IF(COUNT($D14:$H14)=0,"",SUM($D14:$H14)) -> 5 | J14: =IF(ISERROR(IF($I14="","",ROUND(($I14/$I$10)*$J$10,2))),"",IF($I14="","",ROUND(($I14/$I$10)*$J$10,2))) -> 100 | K14: =IF($J14="","",ROUND($J14*$K$10,2)) -> 20 | L14: 1 | M14: 1 | N14: 1 | O14: =IF(COUNT($L14:$N14)=0,"",SUM($L14:$N14)) -> 3 | P14: =IF(ISERROR(IF($O14="","",ROUND(($O14/$O$10)*$P$10,2))),"",IF($O14="","",ROUND(($O14/$O$10)*$P$10,2))) -> 100 | Q14: =IF($P14="","",ROUND($P14*$Q$10,2)) -> 80 | R14: 1 | S14: 1 | T14: 1 | U14: =IF(COUNT($R14:$T14)=0,"",SUM($R14:$T14)) -> 3 | V14: =IF(ISERROR(IF($U14="","",ROUND(($U14/$U$10)*$V$10,2))),"",IF($U14="","",ROUND(($U14/$U$10)*$V$10,2))) -> 100 | W14: =IF($V14="","",ROUND($V14*$W$10,2)) -> 20 | X14: =IF(ISERROR(IF($T14="","",ROUND(SUM($K14,$Q14,$W14),2))),"",IF($T14="","",ROUND(SUM($K14,$Q14,$W14),2))) -> 120 | Y14: =IF(ISERROR(IF($T14="","",VLOOKUP(X14,NewTransmu,4,TRUE))),"",IF($T14="","",VLOOKUP(X14,NewTransmu,4,TRUE))) -> 100 | Z14: =IF(ISERROR(IF(Y14="","",VLOOKUP(Y14,DESCRIPTORS,4,TRUE))),"",IF(Y14="","",VLOOKUP(Y14,DESCRIPTORS,4,TRUE))) -> Advancing | AC14: EE1 | AD14: EE2 | AE14: TFE | AT14: =(R14/$R$10)*100 -> 100 | AU14: =(S14/$S$10)*100 -> 100 | AV14: =(T14/$T$10)*100 -> 100
A15: =INPUT!A14 -> 3 | B15: =INPUT!B14 -> 2022-00418 | C15: =INPUT!C14 -> Barnido, Charllys Moore | D15: 1 | E15: 1 | F15: 1 | G15: 1 | H15: 1 | I15: =IF(COUNT($D15:$H15)=0,"",SUM($D15:$H15)) -> 5 | J15: =IF(ISERROR(IF($I15="","",ROUND(($I15/$I$10)*$J$10,2))),"",IF($I15="","",ROUND(($I15/$I$10)*$J$10,2))) -> 100 | K15: =IF($J15="","",ROUND($J15*$K$10,2)) -> 20 | L15: 1 | M15: 1 | N15: 1 | O15: =IF(COUNT($L15:$N15)=0,"",SUM($L15:$N15)) -> 3 | P15: =IF(ISERROR(IF($O15="","",ROUND(($O15/$O$10)*$P$10,2))),"",IF($O15="","",ROUND(($O15/$O$10)*$P$10,2))) -> 100 | Q15: =IF($P15="","",ROUND($P15*$Q$10,2)) -> 80 | R15: 1 | S15: 1 | T15: 1 | U15: =IF(COUNT($R15:$T15)=0,"",SUM($R15:$T15)) -> 3 | V15: =IF(ISERROR(IF($U15="","",ROUND(($U15/$U$10)*$V$10,2))),"",IF($U15="","",ROUND(($U15/$U$10)*$V$10,2))) -> 100 | W15: =IF($V15="","",ROUND($V15*$W$10,2)) -> 20 | X15: =IF(ISERROR(IF($T15="","",ROUND(SUM($K15,$Q15,$W15),2))),"",IF($T15="","",ROUND(SUM($K15,$Q15,$W15),2))) -> 120 | Y15: =IF(ISERROR(IF($T15="","",VLOOKUP(X15,NewTransmu,4,TRUE))),"",IF($T15="","",VLOOKUP(X15,NewTransmu,4,TRUE))) -> 100 | Z15: =IF(ISERROR(IF(Y15="","",VLOOKUP(Y15,DESCRIPTORS,4,TRUE))),"",IF(Y15="","",VLOOKUP(Y15,DESCRIPTORS,4,TRUE))) -> Advancing | AB15: Number of Examinees: | AC15: =COUNTA(R13:R115) -> 46 | AD15: =COUNTA(S13:S115) -> 46 | AE15: =COUNTA(T13:T115) -> 46 | AT15: =(R15/$R$10)*100 -> 100 | AU15: =(S15/$S$10)*100 -> 100 | AV15: =(T15/$T$10)*100 -> 100
A16: =INPUT!A15 -> 4 | B16: =INPUT!B15 -> 2023-00532 | C16: =INPUT!C15 -> CAPILI, SCHAN MARC STEVEN | D16: 1 | E16: 1 | F16: 1 | G16: 1 | H16: 1 | I16: =IF(COUNT($D16:$H16)=0,"",SUM($D16:$H16)) -> 5 | J16: =IF(ISERROR(IF($I16="","",ROUND(($I16/$I$10)*$J$10,2))),"",IF($I16="","",ROUND(($I16/$I$10)*$J$10,2))) -> 100 | K16: =IF($J16="","",ROUND($J16*$K$10,2)) -> 20 | L16: 1 | M16: 1 | N16: 1 | O16: =IF(COUNT($L16:$N16)=0,"",SUM($L16:$N16)) -> 3 | P16: =IF(ISERROR(IF($O16="","",ROUND(($O16/$O$10)*$P$10,2))),"",IF($O16="","",ROUND(($O16/$O$10)*$P$10,2))) -> 100 | Q16: =IF($P16="","",ROUND($P16*$Q$10,2)) -> 80 | R16: 1 | S16: 1 | T16: 1 | U16: =IF(COUNT($R16:$T16)=0,"",SUM($R16:$T16)) -> 3 | V16: =IF(ISERROR(IF($U16="","",ROUND(($U16/$U$10)*$V$10,2))),"",IF($U16="","",ROUND(($U16/$U$10)*$V$10,2))) -> 100 | W16: =IF($V16="","",ROUND($V16*$W$10,2)) -> 20 | X16: =IF(ISERROR(IF($T16="","",ROUND(SUM($K16,$Q16,$W16),2))),"",IF($T16="","",ROUND(SUM($K16,$Q16,$W16),2))) -> 120 | Y16: =IF(ISERROR(IF($T16="","",VLOOKUP(X16,NewTransmu,4,TRUE))),"",IF($T16="","",VLOOKUP(X16,NewTransmu,4,TRUE))) -> 100 | Z16: =IF(ISERROR(IF(Y16="","",VLOOKUP(Y16,DESCRIPTORS,4,TRUE))),"",IF(Y16="","",VLOOKUP(Y16,DESCRIPTORS,4,TRUE))) -> Advancing | AB16: Highest Possible Score: | AC16: =R10 -> 1 | AD16: =S10 -> 1 | AE16: =T10 -> 1 | AT16: =(R16/$R$10)*100 -> 100 | AU16: =(S16/$S$10)*100 -> 100 | AV16: =(T16/$T$10)*100 -> 100
A17: =INPUT!A16 -> 5 | B17: =INPUT!B16 -> 2022-00002 | C17: =INPUT!C16 -> Cuizon, Cyril | D17: 1 | E17: 1 | F17: 1 | G17: 1 | H17: 1 | I17: =IF(COUNT($D17:$H17)=0,"",SUM($D17:$H17)) -> 5 | J17: =IF(ISERROR(IF($I17="","",ROUND(($I17/$I$10)*$J$10,2))),"",IF($I17="","",ROUND(($I17/$I$10)*$J$10,2))) -> 100 | K17: =IF($J17="","",ROUND($J17*$K$10,2)) -> 20 | L17: 1 | M17: 1 | N17: 1 | O17: =IF(COUNT($L17:$N17)=0,"",SUM($L17:$N17)) -> 3 | P17: =IF(ISERROR(IF($O17="","",ROUND(($O17/$O$10)*$P$10,2))),"",IF($O17="","",ROUND(($O17/$O$10)*$P$10,2))) -> 100 | Q17: =IF($P17="","",ROUND($P17*$Q$10,2)) -> 80 | R17: 1 | S17: 1 | T17: 1 | U17: =IF(COUNT($R17:$T17)=0,"",SUM($R17:$T17)) -> 3 | V17: =IF(ISERROR(IF($U17="","",ROUND(($U17/$U$10)*$V$10,2))),"",IF($U17="","",ROUND(($U17/$U$10)*$V$10,2))) -> 100 | W17: =IF($V17="","",ROUND($V17*$W$10,2)) -> 20 | X17: =IF(ISERROR(IF($T17="","",ROUND(SUM($K17,$Q17,$W17),2))),"",IF($T17="","",ROUND(SUM($K17,$Q17,$W17),2))) -> 120 | Y17: =IF(ISERROR(IF($T17="","",VLOOKUP(X17,NewTransmu,4,TRUE))),"",IF($T17="","",VLOOKUP(X17,NewTransmu,4,TRUE))) -> 100 | Z17: =IF(ISERROR(IF(Y17="","",VLOOKUP(Y17,DESCRIPTORS,4,TRUE))),"",IF(Y17="","",VLOOKUP(Y17,DESCRIPTORS,4,TRUE))) -> Advancing | AT17: =(R17/$R$10)*100 -> 100 | AU17: =(S17/$S$10)*100 -> 100 | AV17: =(T17/$T$10)*100 -> 100
A18: =INPUT!A17 -> 6 | B18: =INPUT!B17 -> 2022-00003 | C18: =INPUT!C17 -> Deguiñon, Paul Jhon | D18: 1 | E18: 1 | F18: 1 | G18: 1 | H18: 1 | I18: =IF(COUNT($D18:$H18)=0,"",SUM($D18:$H18)) -> 5 | J18: =IF(ISERROR(IF($I18="","",ROUND(($I18/$I$10)*$J$10,2))),"",IF($I18="","",ROUND(($I18/$I$10)*$J$10,2))) -> 100 | K18: =IF($J18="","",ROUND($J18*$K$10,2)) -> 20 | L18: 1 | M18: 1 | N18: 1 | O18: =IF(COUNT($L18:$N18)=0,"",SUM($L18:$N18)) -> 3 | P18: =IF(ISERROR(IF($O18="","",ROUND(($O18/$O$10)*$P$10,2))),"",IF($O18="","",ROUND(($O18/$O$10)*$P$10,2))) -> 100 | Q18: =IF($P18="","",ROUND($P18*$Q$10,2)) -> 80 | R18: 1 | S18: 1 | T18: 1 | U18: =IF(COUNT($R18:$T18)=0,"",SUM($R18:$T18)) -> 3 | V18: =IF(ISERROR(IF($U18="","",ROUND(($U18/$U$10)*$V$10,2))),"",IF($U18="","",ROUND(($U18/$U$10)*$V$10,2))) -> 100 | W18: =IF($V18="","",ROUND($V18*$W$10,2)) -> 20 | X18: =IF(ISERROR(IF($T18="","",ROUND(SUM($K18,$Q18,$W18),2))),"",IF($T18="","",ROUND(SUM($K18,$Q18,$W18),2))) -> 120 | Y18: =IF(ISERROR(IF($T18="","",VLOOKUP(X18,NewTransmu,4,TRUE))),"",IF($T18="","",VLOOKUP(X18,NewTransmu,4,TRUE))) -> 100 | Z18: =IF(ISERROR(IF(Y18="","",VLOOKUP(Y18,DESCRIPTORS,4,TRUE))),"",IF(Y18="","",VLOOKUP(Y18,DESCRIPTORS,4,TRUE))) -> Advancing | AB18: CRITERION-REFERENCED | AC18: EE1 | AD18: EE2 | AE18: TFE | AT18: =(R18/$R$10)*100 -> 100 | AU18: =(S18/$S$10)*100 -> 100 | AV18: =(T18/$T$10)*100 -> 100
A19: =INPUT!A18 -> 7 | B19: =INPUT!B18 -> 002026-000193 | C19: =INPUT!C18 -> Dela Cruz, Juan | D19: 1 | E19: 1 | F19: 1 | G19: 1 | H19: 1 | I19: =IF(COUNT($D19:$H19)=0,"",SUM($D19:$H19)) -> 5 | J19: =IF(ISERROR(IF($I19="","",ROUND(($I19/$I$10)*$J$10,2))),"",IF($I19="","",ROUND(($I19/$I$10)*$J$10,2))) -> 100 | K19: =IF($J19="","",ROUND($J19*$K$10,2)) -> 20 | L19: 1 | M19: 1 | N19: 1 | O19: =IF(COUNT($L19:$N19)=0,"",SUM($L19:$N19)) -> 3 | P19: =IF(ISERROR(IF($O19="","",ROUND(($O19/$O$10)*$P$10,2))),"",IF($O19="","",ROUND(($O19/$O$10)*$P$10,2))) -> 100 | Q19: =IF($P19="","",ROUND($P19*$Q$10,2)) -> 80 | R19: 1 | S19: 1 | T19: 1 | U19: =IF(COUNT($R19:$T19)=0,"",SUM($R19:$T19)) -> 3 | V19: =IF(ISERROR(IF($U19="","",ROUND(($U19/$U$10)*$V$10,2))),"",IF($U19="","",ROUND(($U19/$U$10)*$V$10,2))) -> 100 | W19: =IF($V19="","",ROUND($V19*$W$10,2)) -> 20 | X19: =IF(ISERROR(IF($T19="","",ROUND(SUM($K19,$Q19,$W19),2))),"",IF($T19="","",ROUND(SUM($K19,$Q19,$W19),2))) -> 120 | Y19: =IF(ISERROR(IF($T19="","",VLOOKUP(X19,NewTransmu,4,TRUE))),"",IF($T19="","",VLOOKUP(X19,NewTransmu,4,TRUE))) -> 100 | Z19: =IF(ISERROR(IF(Y19="","",VLOOKUP(Y19,DESCRIPTORS,4,TRUE))),"",IF(Y19="","",VLOOKUP(Y19,DESCRIPTORS,4,TRUE))) -> Advancing | AB19: Got 75% & above | AC19: =COUNTIF(AT13:AT115,">=75") -> 46 | AD19: =COUNTIF(AU13:AU115,">=75") -> 46 | AE19: =COUNTIF(AV13:AV115,">=75") -> 46 | AT19: =(R19/$R$10)*100 -> 100 | AU19: =(S19/$S$10)*100 -> 100 | AV19: =(T19/$T$10)*100 -> 100
A20: =INPUT!A19 -> 8 | B20: =INPUT!B19 -> 2022-00047 | C20: =INPUT!C19 -> Dela Cruz, Stacey Samson | D20: 1 | E20: 1 | F20: 1 | G20: 1 | H20: 1 | I20: =IF(COUNT($D20:$H20)=0,"",SUM($D20:$H20)) -> 5 | J20: =IF(ISERROR(IF($I20="","",ROUND(($I20/$I$10)*$J$10,2))),"",IF($I20="","",ROUND(($I20/$I$10)*$J$10,2))) -> 100 | K20: =IF($J20="","",ROUND($J20*$K$10,2)) -> 20 | L20: 1 | M20: 1 | N20: 1 | O20: =IF(COUNT($L20:$N20)=0,"",SUM($L20:$N20)) -> 3 | P20: =IF(ISERROR(IF($O20="","",ROUND(($O20/$O$10)*$P$10,2))),"",IF($O20="","",ROUND(($O20/$O$10)*$P$10,2))) -> 100 | Q20: =IF($P20="","",ROUND($P20*$Q$10,2)) -> 80 | R20: 1 | S20: 1 | T20: 1 | U20: =IF(COUNT($R20:$T20)=0,"",SUM($R20:$T20)) -> 3 | V20: =IF(ISERROR(IF($U20="","",ROUND(($U20/$U$10)*$V$10,2))),"",IF($U20="","",ROUND(($U20/$U$10)*$V$10,2))) -> 100 | W20: =IF($V20="","",ROUND($V20*$W$10,2)) -> 20 | X20: =IF(ISERROR(IF($T20="","",ROUND(SUM($K20,$Q20,$W20),2))),"",IF($T20="","",ROUND(SUM($K20,$Q20,$W20),2))) -> 120 | Y20: =IF(ISERROR(IF($T20="","",VLOOKUP(X20,NewTransmu,4,TRUE))),"",IF($T20="","",VLOOKUP(X20,NewTransmu,4,TRUE))) -> 100 | Z20: =IF(ISERROR(IF(Y20="","",VLOOKUP(Y20,DESCRIPTORS,4,TRUE))),"",IF(Y20="","",VLOOKUP(Y20,DESCRIPTORS,4,TRUE))) -> Advancing | AB20: Percentage | AC20: =IFERROR(AC19/AC15,"") -> 1 | AD20: =IFERROR(AD19/AD15,"") -> 1 | AE20: =IFERROR(AE19/AE15,"") -> 1 | AT20: =(R20/$R$10)*100 -> 100 | AU20: =(S20/$S$10)*100 -> 100 | AV20: =(T20/$T$10)*100 -> 100
A21: =INPUT!A20 -> 9 | B21: =INPUT!B20 -> 2023-00510 | C21: =INPUT!C20 -> DURIAS, KIRK ADRIANE | D21: 1 | E21: 1 | F21: 1 | G21: 1 | H21: 1 | I21: =IF(COUNT($D21:$H21)=0,"",SUM($D21:$H21)) -> 5 | J21: =IF(ISERROR(IF($I21="","",ROUND(($I21/$I$10)*$J$10,2))),"",IF($I21="","",ROUND(($I21/$I$10)*$J$10,2))) -> 100 | K21: =IF($J21="","",ROUND($J21*$K$10,2)) -> 20 | L21: 1 | M21: 1 | N21: 1 | O21: =IF(COUNT($L21:$N21)=0,"",SUM($L21:$N21)) -> 3 | P21: =IF(ISERROR(IF($O21="","",ROUND(($O21/$O$10)*$P$10,2))),"",IF($O21="","",ROUND(($O21/$O$10)*$P$10,2))) -> 100 | Q21: =IF($P21="","",ROUND($P21*$Q$10,2)) -> 80 | R21: 1 | S21: 1 | T21: 1 | U21: =IF(COUNT($R21:$T21)=0,"",SUM($R21:$T21)) -> 3 | V21: =IF(ISERROR(IF($U21="","",ROUND(($U21/$U$10)*$V$10,2))),"",IF($U21="","",ROUND(($U21/$U$10)*$V$10,2))) -> 100 | W21: =IF($V21="","",ROUND($V21*$W$10,2)) -> 20 | X21: =IF(ISERROR(IF($T21="","",ROUND(SUM($K21,$Q21,$W21),2))),"",IF($T21="","",ROUND(SUM($K21,$Q21,$W21),2))) -> 120 | Y21: =IF(ISERROR(IF($T21="","",VLOOKUP(X21,NewTransmu,4,TRUE))),"",IF($T21="","",VLOOKUP(X21,NewTransmu,4,TRUE))) -> 100 | Z21: =IF(ISERROR(IF(Y21="","",VLOOKUP(Y21,DESCRIPTORS,4,TRUE))),"",IF(Y21="","",VLOOKUP(Y21,DESCRIPTORS,4,TRUE))) -> Advancing | AB21: Got below 75% | AC21: =AC15-AC19 -> 0 | AD21: =AD15-AD19 -> 0 | AE21: =AE15-AE19 -> 0 | AT21: =(R21/$R$10)*100 -> 100 | AU21: =(S21/$S$10)*100 -> 100 | AV21: =(T21/$T$10)*100 -> 100
A22: =INPUT!A21 -> 10 | B22: =INPUT!B21 -> 2022-00005 | C22: =INPUT!C21 -> Fernandez, Jhon Kenneth | D22: 1 | E22: 1 | F22: 1 | G22: 1 | H22: 1 | I22: =IF(COUNT($D22:$H22)=0,"",SUM($D22:$H22)) -> 5 | J22: =IF(ISERROR(IF($I22="","",ROUND(($I22/$I$10)*$J$10,2))),"",IF($I22="","",ROUND(($I22/$I$10)*$J$10,2))) -> 100 | K22: =IF($J22="","",ROUND($J22*$K$10,2)) -> 20 | L22: 1 | M22: 1 | N22: 1 | O22: =IF(COUNT($L22:$N22)=0,"",SUM($L22:$N22)) -> 3 | P22: =IF(ISERROR(IF($O22="","",ROUND(($O22/$O$10)*$P$10,2))),"",IF($O22="","",ROUND(($O22/$O$10)*$P$10,2))) -> 100 | Q22: =IF($P22="","",ROUND($P22*$Q$10,2)) -> 80 | R22: 1 | S22: 1 | T22: 1 | U22: =IF(COUNT($R22:$T22)=0,"",SUM($R22:$T22)) -> 3 | V22: =IF(ISERROR(IF($U22="","",ROUND(($U22/$U$10)*$V$10,2))),"",IF($U22="","",ROUND(($U22/$U$10)*$V$10,2))) -> 100 | W22: =IF($V22="","",ROUND($V22*$W$10,2)) -> 20 | X22: =IF(ISERROR(IF($T22="","",ROUND(SUM($K22,$Q22,$W22),2))),"",IF($T22="","",ROUND(SUM($K22,$Q22,$W22),2))) -> 120 | Y22: =IF(ISERROR(IF($T22="","",VLOOKUP(X22,NewTransmu,4,TRUE))),"",IF($T22="","",VLOOKUP(X22,NewTransmu,4,TRUE))) -> 100 | Z22: =IF(ISERROR(IF(Y22="","",VLOOKUP(Y22,DESCRIPTORS,4,TRUE))),"",IF(Y22="","",VLOOKUP(Y22,DESCRIPTORS,4,TRUE))) -> Advancing | AB22: Percentage | AC22: =IFERROR(1-AC20,"") -> 0 | AD22: =IFERROR(1-AD20,"") -> 0 | AE22: =IFERROR(1-AE20,"") -> 0 | AT22: =(R22/$R$10)*100 -> 100 | AU22: =(S22/$S$10)*100 -> 100 | AV22: =(T22/$T$10)*100 -> 100
A23: =INPUT!A22 -> 11 | B23: =INPUT!B22 -> 2022-00006 | C23: =INPUT!C22 -> Figueroa, John Rech | D23: 1 | E23: 1 | F23: 1 | G23: 1 | H23: 1 | I23: =IF(COUNT($D23:$H23)=0,"",SUM($D23:$H23)) -> 5 | J23: =IF(ISERROR(IF($I23="","",ROUND(($I23/$I$10)*$J$10,2))),"",IF($I23="","",ROUND(($I23/$I$10)*$J$10,2))) -> 100 | K23: =IF($J23="","",ROUND($J23*$K$10,2)) -> 20 | L23: 1 | M23: 1 | N23: 1 | O23: =IF(COUNT($L23:$N23)=0,"",SUM($L23:$N23)) -> 3 | P23: =IF(ISERROR(IF($O23="","",ROUND(($O23/$O$10)*$P$10,2))),"",IF($O23="","",ROUND(($O23/$O$10)*$P$10,2))) -> 100 | Q23: =IF($P23="","",ROUND($P23*$Q$10,2)) -> 80 | R23: 1 | S23: 1 | T23: 1 | U23: =IF(COUNT($R23:$T23)=0,"",SUM($R23:$T23)) -> 3 | V23: =IF(ISERROR(IF($U23="","",ROUND(($U23/$U$10)*$V$10,2))),"",IF($U23="","",ROUND(($U23/$U$10)*$V$10,2))) -> 100 | W23: =IF($V23="","",ROUND($V23*$W$10,2)) -> 20 | X23: =IF(ISERROR(IF($T23="","",ROUND(SUM($K23,$Q23,$W23),2))),"",IF($T23="","",ROUND(SUM($K23,$Q23,$W23),2))) -> 120 | Y23: =IF(ISERROR(IF($T23="","",VLOOKUP(X23,NewTransmu,4,TRUE))),"",IF($T23="","",VLOOKUP(X23,NewTransmu,4,TRUE))) -> 100 | Z23: =IF(ISERROR(IF(Y23="","",VLOOKUP(Y23,DESCRIPTORS,4,TRUE))),"",IF(Y23="","",VLOOKUP(Y23,DESCRIPTORS,4,TRUE))) -> Advancing | AT23: =(R23/$R$10)*100 -> 100 | AU23: =(S23/$S$10)*100 -> 100 | AV23: =(T23/$T$10)*100 -> 100
A24: =INPUT!A23 -> 12 | B24: =INPUT!B23 -> 2022-00007 | C24: =INPUT!C23 -> Intes, TJ Philip | D24: 1 | E24: 1 | F24: 1 | G24: 1 | H24: 1 | I24: =IF(COUNT($D24:$H24)=0,"",SUM($D24:$H24)) -> 5 | J24: =IF(ISERROR(IF($I24="","",ROUND(($I24/$I$10)*$J$10,2))),"",IF($I24="","",ROUND(($I24/$I$10)*$J$10,2))) -> 100 | K24: =IF($J24="","",ROUND($J24*$K$10,2)) -> 20 | L24: 1 | M24: 1 | N24: 1 | O24: =IF(COUNT($L24:$N24)=0,"",SUM($L24:$N24)) -> 3 | P24: =IF(ISERROR(IF($O24="","",ROUND(($O24/$O$10)*$P$10,2))),"",IF($O24="","",ROUND(($O24/$O$10)*$P$10,2))) -> 100 | Q24: =IF($P24="","",ROUND($P24*$Q$10,2)) -> 80 | R24: 1 | S24: 1 | T24: 1 | U24: =IF(COUNT($R24:$T24)=0,"",SUM($R24:$T24)) -> 3 | V24: =IF(ISERROR(IF($U24="","",ROUND(($U24/$U$10)*$V$10,2))),"",IF($U24="","",ROUND(($U24/$U$10)*$V$10,2))) -> 100 | W24: =IF($V24="","",ROUND($V24*$W$10,2)) -> 20 | X24: =IF(ISERROR(IF($T24="","",ROUND(SUM($K24,$Q24,$W24),2))),"",IF($T24="","",ROUND(SUM($K24,$Q24,$W24),2))) -> 120 | Y24: =IF(ISERROR(IF($T24="","",VLOOKUP(X24,NewTransmu,4,TRUE))),"",IF($T24="","",VLOOKUP(X24,NewTransmu,4,TRUE))) -> 100 | Z24: =IF(ISERROR(IF(Y24="","",VLOOKUP(Y24,DESCRIPTORS,4,TRUE))),"",IF(Y24="","",VLOOKUP(Y24,DESCRIPTORS,4,TRUE))) -> Advancing | AB24: NORM-REFERENCED | AC24: EE1 | AD24: EE2 | AE24: TFE | AT24: =(R24/$R$10)*100 -> 100 | AU24: =(S24/$S$10)*100 -> 100 | AV24: =(T24/$T$10)*100 -> 100
A25: =INPUT!A24 -> 13 | B25: =INPUT!B24 -> 2022-00008 | C25: =INPUT!C24 -> Jarabe, Andrei Anthony | D25: 1 | E25: 1 | F25: 1 | G25: 1 | H25: 1 | I25: =IF(COUNT($D25:$H25)=0,"",SUM($D25:$H25)) -> 5 | J25: =IF(ISERROR(IF($I25="","",ROUND(($I25/$I$10)*$J$10,2))),"",IF($I25="","",ROUND(($I25/$I$10)*$J$10,2))) -> 100 | K25: =IF($J25="","",ROUND($J25*$K$10,2)) -> 20 | L25: 1 | M25: 1 | N25: 1 | O25: =IF(COUNT($L25:$N25)=0,"",SUM($L25:$N25)) -> 3 | P25: =IF(ISERROR(IF($O25="","",ROUND(($O25/$O$10)*$P$10,2))),"",IF($O25="","",ROUND(($O25/$O$10)*$P$10,2))) -> 100 | Q25: =IF($P25="","",ROUND($P25*$Q$10,2)) -> 80 | R25: 1 | S25: 1 | T25: 1 | U25: =IF(COUNT($R25:$T25)=0,"",SUM($R25:$T25)) -> 3 | V25: =IF(ISERROR(IF($U25="","",ROUND(($U25/$U$10)*$V$10,2))),"",IF($U25="","",ROUND(($U25/$U$10)*$V$10,2))) -> 100 | W25: =IF($V25="","",ROUND($V25*$W$10,2)) -> 20 | X25: =IF(ISERROR(IF($T25="","",ROUND(SUM($K25,$Q25,$W25),2))),"",IF($T25="","",ROUND(SUM($K25,$Q25,$W25),2))) -> 120 | Y25: =IF(ISERROR(IF($T25="","",VLOOKUP(X25,NewTransmu,4,TRUE))),"",IF($T25="","",VLOOKUP(X25,NewTransmu,4,TRUE))) -> 100 | Z25: =IF(ISERROR(IF(Y25="","",VLOOKUP(Y25,DESCRIPTORS,4,TRUE))),"",IF(Y25="","",VLOOKUP(Y25,DESCRIPTORS,4,TRUE))) -> Advancing | AB25: Mean | AC25: =IFERROR(AVERAGE(R13:R115),"") -> 1 | AD25: =IFERROR(AVERAGE(S13:S115),"") -> 1 | AE25: =IFERROR(AVERAGE(T13:T115),"") -> 1 | AT25: =(R25/$R$10)*100 -> 100 | AU25: =(S25/$S$10)*100 -> 100 | AV25: =(T25/$T$10)*100 -> 100
A26: =INPUT!A25 -> 14 | B26: =INPUT!B25 -> 2022-00012 | C26: =INPUT!C25 -> Mumar, Terence Hunter | D26: 1 | E26: 1 | F26: 1 | G26: 1 | H26: 1 | I26: =IF(COUNT($D26:$H26)=0,"",SUM($D26:$H26)) -> 5 | J26: =IF(ISERROR(IF($I26="","",ROUND(($I26/$I$10)*$J$10,2))),"",IF($I26="","",ROUND(($I26/$I$10)*$J$10,2))) -> 100 | K26: =IF($J26="","",ROUND($J26*$K$10,2)) -> 20 | L26: 1 | M26: 1 | N26: 1 | O26: =IF(COUNT($L26:$N26)=0,"",SUM($L26:$N26)) -> 3 | P26: =IF(ISERROR(IF($O26="","",ROUND(($O26/$O$10)*$P$10,2))),"",IF($O26="","",ROUND(($O26/$O$10)*$P$10,2))) -> 100 | Q26: =IF($P26="","",ROUND($P26*$Q$10,2)) -> 80 | R26: 1 | S26: 1 | T26: 1 | U26: =IF(COUNT($R26:$T26)=0,"",SUM($R26:$T26)) -> 3 | V26: =IF(ISERROR(IF($U26="","",ROUND(($U26/$U$10)*$V$10,2))),"",IF($U26="","",ROUND(($U26/$U$10)*$V$10,2))) -> 100 | W26: =IF($V26="","",ROUND($V26*$W$10,2)) -> 20 | X26: =IF(ISERROR(IF($T26="","",ROUND(SUM($K26,$Q26,$W26),2))),"",IF($T26="","",ROUND(SUM($K26,$Q26,$W26),2))) -> 120 | Y26: =IF(ISERROR(IF($T26="","",VLOOKUP(X26,NewTransmu,4,TRUE))),"",IF($T26="","",VLOOKUP(X26,NewTransmu,4,TRUE))) -> 100 | Z26: =IF(ISERROR(IF(Y26="","",VLOOKUP(Y26,DESCRIPTORS,4,TRUE))),"",IF(Y26="","",VLOOKUP(Y26,DESCRIPTORS,4,TRUE))) -> Advancing | AB26: Median | AC26: =IFERROR(MEDIAN(R13:R115),"") -> 1 | AD26: =IFERROR(MEDIAN(S13:S115),"") -> 1 | AE26: =IFERROR(MEDIAN(T13:T115),"") -> 1 | AT26: =(R26/$R$10)*100 -> 100 | AU26: =(S26/$S$10)*100 -> 100 | AV26: =(T26/$T$10)*100 -> 100
A27: =INPUT!A26 -> 15 | B27: =INPUT!B26 -> 2022-00013 | C27: =INPUT!C26 -> Narita, JD Ariel | D27: 1 | E27: 1 | F27: 1 | G27: 1 | H27: 1 | I27: =IF(COUNT($D27:$H27)=0,"",SUM($D27:$H27)) -> 5 | J27: =IF(ISERROR(IF($I27="","",ROUND(($I27/$I$10)*$J$10,2))),"",IF($I27="","",ROUND(($I27/$I$10)*$J$10,2))) -> 100 | K27: =IF($J27="","",ROUND($J27*$K$10,2)) -> 20 | L27: 1 | M27: 1 | N27: 1 | O27: =IF(COUNT($L27:$N27)=0,"",SUM($L27:$N27)) -> 3 | P27: =IF(ISERROR(IF($O27="","",ROUND(($O27/$O$10)*$P$10,2))),"",IF($O27="","",ROUND(($O27/$O$10)*$P$10,2))) -> 100 | Q27: =IF($P27="","",ROUND($P27*$Q$10,2)) -> 80 | R27: 1 | S27: 1 | T27: 1 | U27: =IF(COUNT($R27:$T27)=0,"",SUM($R27:$T27)) -> 3 | V27: =IF(ISERROR(IF($U27="","",ROUND(($U27/$U$10)*$V$10,2))),"",IF($U27="","",ROUND(($U27/$U$10)*$V$10,2))) -> 100 | W27: =IF($V27="","",ROUND($V27*$W$10,2)) -> 20 | X27: =IF(ISERROR(IF($T27="","",ROUND(SUM($K27,$Q27,$W27),2))),"",IF($T27="","",ROUND(SUM($K27,$Q27,$W27),2))) -> 120 | Y27: =IF(ISERROR(IF($T27="","",VLOOKUP(X27,NewTransmu,4,TRUE))),"",IF($T27="","",VLOOKUP(X27,NewTransmu,4,TRUE))) -> 100 | Z27: =IF(ISERROR(IF(Y27="","",VLOOKUP(Y27,DESCRIPTORS,4,TRUE))),"",IF(Y27="","",VLOOKUP(Y27,DESCRIPTORS,4,TRUE))) -> Advancing | AB27: SD | AC27: =IFERROR(_xlfn.STDEV.S(R13:R115),"") -> 0 | AD27: =_xlfn.STDEV.S(S13:S115) -> 0 | AE27: =_xlfn.STDEV.S(T13:T115) -> 0 | AT27: =(R27/$R$10)*100 -> 100 | AU27: =(S27/$S$10)*100 -> 100 | AV27: =(T27/$T$10)*100 -> 100
A28: =INPUT!A27 -> 16 | B28: =INPUT!B27 -> 2022-00014 | C28: =INPUT!C27 -> Ofngol, Prince Ryder | D28: 1 | E28: 1 | F28: 1 | G28: 1 | H28: 1 | I28: =IF(COUNT($D28:$H28)=0,"",SUM($D28:$H28)) -> 5 | J28: =IF(ISERROR(IF($I28="","",ROUND(($I28/$I$10)*$J$10,2))),"",IF($I28="","",ROUND(($I28/$I$10)*$J$10,2))) -> 100 | K28: =IF($J28="","",ROUND($J28*$K$10,2)) -> 20 | L28: 1 | M28: 1 | N28: 1 | O28: =IF(COUNT($L28:$N28)=0,"",SUM($L28:$N28)) -> 3 | P28: =IF(ISERROR(IF($O28="","",ROUND(($O28/$O$10)*$P$10,2))),"",IF($O28="","",ROUND(($O28/$O$10)*$P$10,2))) -> 100 | Q28: =IF($P28="","",ROUND($P28*$Q$10,2)) -> 80 | R28: 1 | S28: 1 | T28: 1 | U28: =IF(COUNT($R28:$T28)=0,"",SUM($R28:$T28)) -> 3 | V28: =IF(ISERROR(IF($U28="","",ROUND(($U28/$U$10)*$V$10,2))),"",IF($U28="","",ROUND(($U28/$U$10)*$V$10,2))) -> 100 | W28: =IF($V28="","",ROUND($V28*$W$10,2)) -> 20 | X28: =IF(ISERROR(IF($T28="","",ROUND(SUM($K28,$Q28,$W28),2))),"",IF($T28="","",ROUND(SUM($K28,$Q28,$W28),2))) -> 120 | Y28: =IF(ISERROR(IF($T28="","",VLOOKUP(X28,NewTransmu,4,TRUE))),"",IF($T28="","",VLOOKUP(X28,NewTransmu,4,TRUE))) -> 100 | Z28: =IF(ISERROR(IF(Y28="","",VLOOKUP(Y28,DESCRIPTORS,4,TRUE))),"",IF(Y28="","",VLOOKUP(Y28,DESCRIPTORS,4,TRUE))) -> Advancing | AB28: MPS/PL | AC28: =IFERROR(AC25/AC16,"") -> 1 | AD28: =IFERROR(AD25/AD16,"") -> 1 | AE28: =IFERROR(AE25/AE16,"") -> 1 | AT28: =(R28/$R$10)*100 -> 100 | AU28: =(S28/$S$10)*100 -> 100 | AV28: =(T28/$T$10)*100 -> 100
A29: =INPUT!A28 -> 17 | B29: =INPUT!B28 -> 2022-00015 | C29: =INPUT!C28 -> Pañega, Roland Josh | D29: 1 | E29: 1 | F29: 1 | G29: 1 | H29: 1 | I29: =IF(COUNT($D29:$H29)=0,"",SUM($D29:$H29)) -> 5 | J29: =IF(ISERROR(IF($I29="","",ROUND(($I29/$I$10)*$J$10,2))),"",IF($I29="","",ROUND(($I29/$I$10)*$J$10,2))) -> 100 | K29: =IF($J29="","",ROUND($J29*$K$10,2)) -> 20 | L29: 1 | M29: 1 | N29: 1 | O29: =IF(COUNT($L29:$N29)=0,"",SUM($L29:$N29)) -> 3 | P29: =IF(ISERROR(IF($O29="","",ROUND(($O29/$O$10)*$P$10,2))),"",IF($O29="","",ROUND(($O29/$O$10)*$P$10,2))) -> 100 | Q29: =IF($P29="","",ROUND($P29*$Q$10,2)) -> 80 | R29: 1 | S29: 1 | T29: 1 | U29: =IF(COUNT($R29:$T29)=0,"",SUM($R29:$T29)) -> 3 | V29: =IF(ISERROR(IF($U29="","",ROUND(($U29/$U$10)*$V$10,2))),"",IF($U29="","",ROUND(($U29/$U$10)*$V$10,2))) -> 100 | W29: =IF($V29="","",ROUND($V29*$W$10,2)) -> 20 | X29: =IF(ISERROR(IF($T29="","",ROUND(SUM($K29,$Q29,$W29),2))),"",IF($T29="","",ROUND(SUM($K29,$Q29,$W29),2))) -> 120 | Y29: =IF(ISERROR(IF($T29="","",VLOOKUP(X29,NewTransmu,4,TRUE))),"",IF($T29="","",VLOOKUP(X29,NewTransmu,4,TRUE))) -> 100 | Z29: =IF(ISERROR(IF(Y29="","",VLOOKUP(Y29,DESCRIPTORS,4,TRUE))),"",IF(Y29="","",VLOOKUP(Y29,DESCRIPTORS,4,TRUE))) -> Advancing | AT29: =(R29/$R$10)*100 -> 100 | AU29: =(S29/$S$10)*100 -> 100 | AV29: =(T29/$T$10)*100 -> 100
A30: =INPUT!A29 -> 18 | B30: =INPUT!B29 -> 2022-00018 | C30: =INPUT!C29 -> Sayson, Aianne Anthony | D30: 1 | E30: 1 | F30: 1 | G30: 1 | H30: 1 | I30: =IF(COUNT($D30:$H30)=0,"",SUM($D30:$H30)) -> 5 | J30: =IF(ISERROR(IF($I30="","",ROUND(($I30/$I$10)*$J$10,2))),"",IF($I30="","",ROUND(($I30/$I$10)*$J$10,2))) -> 100 | K30: =IF($J30="","",ROUND($J30*$K$10,2)) -> 20 | L30: 1 | M30: 1 | N30: 1 | O30: =IF(COUNT($L30:$N30)=0,"",SUM($L30:$N30)) -> 3 | P30: =IF(ISERROR(IF($O30="","",ROUND(($O30/$O$10)*$P$10,2))),"",IF($O30="","",ROUND(($O30/$O$10)*$P$10,2))) -> 100 | Q30: =IF($P30="","",ROUND($P30*$Q$10,2)) -> 80 | R30: 1 | S30: 1 | T30: 1 | U30: =IF(COUNT($R30:$T30)=0,"",SUM($R30:$T30)) -> 3 | V30: =IF(ISERROR(IF($U30="","",ROUND(($U30/$U$10)*$V$10,2))),"",IF($U30="","",ROUND(($U30/$U$10)*$V$10,2))) -> 100 | W30: =IF($V30="","",ROUND($V30*$W$10,2)) -> 20 | X30: =IF(ISERROR(IF($T30="","",ROUND(SUM($K30,$Q30,$W30),2))),"",IF($T30="","",ROUND(SUM($K30,$Q30,$W30),2))) -> 120 | Y30: =IF(ISERROR(IF($T30="","",VLOOKUP(X30,NewTransmu,4,TRUE))),"",IF($T30="","",VLOOKUP(X30,NewTransmu,4,TRUE))) -> 100 | Z30: =IF(ISERROR(IF(Y30="","",VLOOKUP(Y30,DESCRIPTORS,4,TRUE))),"",IF(Y30="","",VLOOKUP(Y30,DESCRIPTORS,4,TRUE))) -> Advancing | AB30: OTHER INFO | AC30: EE1 | AD30: EE2 | AE30: TFE | AT30: =(R30/$R$10)*100 -> 100 | AU30: =(S30/$S$10)*100 -> 100 | AV30: =(T30/$T$10)*100 -> 100
A31: =INPUT!A30 -> 19 | B31: =INPUT!B30 -> 2022-00019 | C31: =INPUT!C30 -> Vestidas, Rique Mart | D31: 1 | E31: 1 | F31: 1 | G31: 1 | H31: 1 | I31: =IF(COUNT($D31:$H31)=0,"",SUM($D31:$H31)) -> 5 | J31: =IF(ISERROR(IF($I31="","",ROUND(($I31/$I$10)*$J$10,2))),"",IF($I31="","",ROUND(($I31/$I$10)*$J$10,2))) -> 100 | K31: =IF($J31="","",ROUND($J31*$K$10,2)) -> 20 | L31: 1 | M31: 1 | N31: 1 | O31: =IF(COUNT($L31:$N31)=0,"",SUM($L31:$N31)) -> 3 | P31: =IF(ISERROR(IF($O31="","",ROUND(($O31/$O$10)*$P$10,2))),"",IF($O31="","",ROUND(($O31/$O$10)*$P$10,2))) -> 100 | Q31: =IF($P31="","",ROUND($P31*$Q$10,2)) -> 80 | R31: 1 | S31: 1 | T31: 1 | U31: =IF(COUNT($R31:$T31)=0,"",SUM($R31:$T31)) -> 3 | V31: =IF(ISERROR(IF($U31="","",ROUND(($U31/$U$10)*$V$10,2))),"",IF($U31="","",ROUND(($U31/$U$10)*$V$10,2))) -> 100 | W31: =IF($V31="","",ROUND($V31*$W$10,2)) -> 20 | X31: =IF(ISERROR(IF($T31="","",ROUND(SUM($K31,$Q31,$W31),2))),"",IF($T31="","",ROUND(SUM($K31,$Q31,$W31),2))) -> 120 | Y31: =IF(ISERROR(IF($T31="","",VLOOKUP(X31,NewTransmu,4,TRUE))),"",IF($T31="","",VLOOKUP(X31,NewTransmu,4,TRUE))) -> 100 | Z31: =IF(ISERROR(IF(Y31="","",VLOOKUP(Y31,DESCRIPTORS,4,TRUE))),"",IF(Y31="","",VLOOKUP(Y31,DESCRIPTORS,4,TRUE))) -> Advancing | AB31: Highest Score | AC31: =IF(COUNTA(R13:R115)=0,"",MAX(R13:R115)) -> 1 | AD31: =IF(COUNTA(S13:S115)=0,"",MAX(S13:S115)) -> 1 | AE31: =IF(COUNTA(T13:T115)=0,"",MAX(T13:T115)) -> 1 | AT31: =(R31/$R$10)*100 -> 100 | AU31: =(S31/$S$10)*100 -> 100 | AV31: =(T31/$T$10)*100 -> 100
A32: =INPUT!A31 -> 20 | B32: =INPUT!B31 -> 2023-00512 | C32: =INPUT!C31 -> WENCESLAO, EC WHISTLER | D32: 1 | E32: 1 | F32: 1 | G32: 1 | H32: 1 | I32: =IF(COUNT($D32:$H32)=0,"",SUM($D32:$H32)) -> 5 | J32: =IF(ISERROR(IF($I32="","",ROUND(($I32/$I$10)*$J$10,2))),"",IF($I32="","",ROUND(($I32/$I$10)*$J$10,2))) -> 100 | K32: =IF($J32="","",ROUND($J32*$K$10,2)) -> 20 | L32: 1 | M32: 1 | N32: 1 | O32: =IF(COUNT($L32:$N32)=0,"",SUM($L32:$N32)) -> 3 | P32: =IF(ISERROR(IF($O32="","",ROUND(($O32/$O$10)*$P$10,2))),"",IF($O32="","",ROUND(($O32/$O$10)*$P$10,2))) -> 100 | Q32: =IF($P32="","",ROUND($P32*$Q$10,2)) -> 80 | R32: 1 | S32: 1 | T32: 1 | U32: =IF(COUNT($R32:$T32)=0,"",SUM($R32:$T32)) -> 3 | V32: =IF(ISERROR(IF($U32="","",ROUND(($U32/$U$10)*$V$10,2))),"",IF($U32="","",ROUND(($U32/$U$10)*$V$10,2))) -> 100 | W32: =IF($V32="","",ROUND($V32*$W$10,2)) -> 20 | X32: =IF(ISERROR(IF($T32="","",ROUND(SUM($K32,$Q32,$W32),2))),"",IF($T32="","",ROUND(SUM($K32,$Q32,$W32),2))) -> 120 | Y32: =IF(ISERROR(IF($T32="","",VLOOKUP(X32,NewTransmu,4,TRUE))),"",IF($T32="","",VLOOKUP(X32,NewTransmu,4,TRUE))) -> 100 | Z32: =IF(ISERROR(IF(Y32="","",VLOOKUP(Y32,DESCRIPTORS,4,TRUE))),"",IF(Y32="","",VLOOKUP(Y32,DESCRIPTORS,4,TRUE))) -> Advancing | AB32: Lowest Score | AC32: =IF(COUNTA(R13:R115)=0,"",MIN(R13:R115)) -> 1 | AD32: =IF(COUNTA(S13:S115)=0,"",MIN(S13:S115)) -> 1 | AE32: =IF(COUNTA(T13:T115)=0,"",MIN(T13:T115)) -> 1 | AT32: =(R32/$R$10)*100 -> 100 | AU32: =(S32/$S$10)*100 -> 100 | AV32: =(T32/$T$10)*100 -> 100
A33: =INPUT!A32 -> 0 | B33: =INPUT!B32 -> 0 | C33: =INPUT!C32 -> 0 | I33: =IF(COUNT($D33:$H33)=0,"",SUM($D33:$H33)) | J33: =IF(ISERROR(IF($I33="","",ROUND(($I33/$I$10)*$J$10,2))),"",IF($I33="","",ROUND(($I33/$I$10)*$J$10,2))) | K33: =IF($J33="","",ROUND($J33*$K$10,2)) | O33: =IF(COUNT($L33:$N33)=0,"",SUM($L33:$N33)) | P33: =IF(ISERROR(IF($O33="","",ROUND(($O33/$O$10)*$P$10,2))),"",IF($O33="","",ROUND(($O33/$O$10)*$P$10,2))) | Q33: =IF($P33="","",ROUND($P33*$Q$10,2)) | U33: =IF(COUNT($R33:$T33)=0,"",SUM($R33:$T33)) | V33: =IF(ISERROR(IF($U33="","",ROUND(($U33/$U$10)*$V$10,2))),"",IF($U33="","",ROUND(($U33/$U$10)*$V$10,2))) | W33: =IF($V33="","",ROUND($V33*$W$10,2)) | X33: =IF(ISERROR(IF($T33="","",ROUND(SUM($K33,$Q33,$W33),2))),"",IF($T33="","",ROUND(SUM($K33,$Q33,$W33),2))) | Y33: =IF(ISERROR(IF($T33="","",VLOOKUP(X33,NewTransmu,4,TRUE))),"",IF($T33="","",VLOOKUP(X33,NewTransmu,4,TRUE))) | Z33: =IF(ISERROR(IF(Y33="","",VLOOKUP(Y33,DESCRIPTORS,4,TRUE))),"",IF(Y33="","",VLOOKUP(Y33,DESCRIPTORS,4,TRUE))) | AB33: Total Score | AC33: =IF(COUNTA(R13:R115)=0,"",SUM(R13:R115)) -> 46 | AD33: =IF(COUNTA(S13:S115)=0,"",SUM(S13:S115)) -> 46 | AE33: =IF(COUNTA(T13:T115)=0,"",SUM(T13:T115)) -> 46 | AT33: =(R33/$R$10)*100 -> 0 | AU33: =(S33/$S$10)*100 -> 0 | AV33: =(T33/$T$10)*100 -> 0
A34: =INPUT!A33 -> 0 | B34: =INPUT!B33 -> 0 | C34: =INPUT!C33 -> 0 | I34: =IF(COUNT($D34:$H34)=0,"",SUM($D34:$H34)) | J34: =IF(ISERROR(IF($I34="","",ROUND(($I34/$I$10)*$J$10,2))),"",IF($I34="","",ROUND(($I34/$I$10)*$J$10,2))) | K34: =IF($J34="","",ROUND($J34*$K$10,2)) | O34: =IF(COUNT($L34:$N34)=0,"",SUM($L34:$N34)) | P34: =IF(ISERROR(IF($O34="","",ROUND(($O34/$O$10)*$P$10,2))),"",IF($O34="","",ROUND(($O34/$O$10)*$P$10,2))) | Q34: =IF($P34="","",ROUND($P34*$Q$10,2)) | U34: =IF(COUNT($R34:$T34)=0,"",SUM($R34:$T34)) | V34: =IF(ISERROR(IF($U34="","",ROUND(($U34/$U$10)*$V$10,2))),"",IF($U34="","",ROUND(($U34/$U$10)*$V$10,2))) | W34: =IF($V34="","",ROUND($V34*$W$10,2)) | X34: =IF(ISERROR(IF($T34="","",ROUND(SUM($K34,$Q34,$W34),2))),"",IF($T34="","",ROUND(SUM($K34,$Q34,$W34),2))) | Y34: =IF(ISERROR(IF($T34="","",VLOOKUP(X34,NewTransmu,4,TRUE))),"",IF($T34="","",VLOOKUP(X34,NewTransmu,4,TRUE))) | Z34: =IF(ISERROR(IF(Y34="","",VLOOKUP(Y34,DESCRIPTORS,4,TRUE))),"",IF(Y34="","",VLOOKUP(Y34,DESCRIPTORS,4,TRUE))) | AT34: =(R34/$R$10)*100 -> 0 | AU34: =(S34/$S$10)*100 -> 0 | AV34: =(T34/$T$10)*100 -> 0
A35: =INPUT!A34 -> 0 | B35: =INPUT!B34 -> 0 | C35: =INPUT!C34 -> 0 | I35: =IF(COUNT($D35:$H35)=0,"",SUM($D35:$H35)) | J35: =IF(ISERROR(IF($I35="","",ROUND(($I35/$I$10)*$J$10,2))),"",IF($I35="","",ROUND(($I35/$I$10)*$J$10,2))) | K35: =IF($J35="","",ROUND($J35*$K$10,2)) | O35: =IF(COUNT($L35:$N35)=0,"",SUM($L35:$N35)) | P35: =IF(ISERROR(IF($O35="","",ROUND(($O35/$O$10)*$P$10,2))),"",IF($O35="","",ROUND(($O35/$O$10)*$P$10,2))) | Q35: =IF($P35="","",ROUND($P35*$Q$10,2)) | U35: =IF(COUNT($R35:$T35)=0,"",SUM($R35:$T35)) | V35: =IF(ISERROR(IF($U35="","",ROUND(($U35/$U$10)*$V$10,2))),"",IF($U35="","",ROUND(($U35/$U$10)*$V$10,2))) | W35: =IF($V35="","",ROUND($V35*$W$10,2)) | X35: =IF(ISERROR(IF($T35="","",ROUND(SUM($K35,$Q35,$W35),2))),"",IF($T35="","",ROUND(SUM($K35,$Q35,$W35),2))) | Y35: =IF(ISERROR(IF($T35="","",VLOOKUP(X35,NewTransmu,4,TRUE))),"",IF($T35="","",VLOOKUP(X35,NewTransmu,4,TRUE))) | Z35: =IF(ISERROR(IF(Y35="","",VLOOKUP(Y35,DESCRIPTORS,4,TRUE))),"",IF(Y35="","",VLOOKUP(Y35,DESCRIPTORS,4,TRUE))) | AT35: =(R35/$R$10)*100 -> 0 | AU35: =(S35/$S$10)*100 -> 0 | AV35: =(T35/$T$10)*100 -> 0
A36: =INPUT!A35 -> 0 | B36: =INPUT!B35 -> 0 | C36: =INPUT!C35 -> 0 | I36: =IF(COUNT($D36:$H36)=0,"",SUM($D36:$H36)) | J36: =IF(ISERROR(IF($I36="","",ROUND(($I36/$I$10)*$J$10,2))),"",IF($I36="","",ROUND(($I36/$I$10)*$J$10,2))) | K36: =IF($J36="","",ROUND($J36*$K$10,2)) | O36: =IF(COUNT($L36:$N36)=0,"",SUM($L36:$N36)) | P36: =IF(ISERROR(IF($O36="","",ROUND(($O36/$O$10)*$P$10,2))),"",IF($O36="","",ROUND(($O36/$O$10)*$P$10,2))) | Q36: =IF($P36="","",ROUND($P36*$Q$10,2)) | U36: =IF(COUNT($R36:$T36)=0,"",SUM($R36:$T36)) | V36: =IF(ISERROR(IF($U36="","",ROUND(($U36/$U$10)*$V$10,2))),"",IF($U36="","",ROUND(($U36/$U$10)*$V$10,2))) | W36: =IF($V36="","",ROUND($V36*$W$10,2)) | X36: =IF(ISERROR(IF($T36="","",ROUND(SUM($K36,$Q36,$W36),2))),"",IF($T36="","",ROUND(SUM($K36,$Q36,$W36),2))) | Y36: =IF(ISERROR(IF($T36="","",VLOOKUP(X36,NewTransmu,4,TRUE))),"",IF($T36="","",VLOOKUP(X36,NewTransmu,4,TRUE))) | Z36: =IF(ISERROR(IF(Y36="","",VLOOKUP(Y36,DESCRIPTORS,4,TRUE))),"",IF(Y36="","",VLOOKUP(Y36,DESCRIPTORS,4,TRUE))) | AT36: =(R36/$R$10)*100 -> 0 | AU36: =(S36/$S$10)*100 -> 0 | AV36: =(T36/$T$10)*100 -> 0
A37: =INPUT!A36 -> 0 | B37: =INPUT!B36 -> 0 | C37: =INPUT!C36 -> 0 | I37: =IF(COUNT($D37:$H37)=0,"",SUM($D37:$H37)) | J37: =IF(ISERROR(IF($I37="","",ROUND(($I37/$I$10)*$J$10,2))),"",IF($I37="","",ROUND(($I37/$I$10)*$J$10,2))) | K37: =IF($J37="","",ROUND($J37*$K$10,2)) | O37: =IF(COUNT($L37:$N37)=0,"",SUM($L37:$N37)) | P37: =IF(ISERROR(IF($O37="","",ROUND(($O37/$O$10)*$P$10,2))),"",IF($O37="","",ROUND(($O37/$O$10)*$P$10,2))) | Q37: =IF($P37="","",ROUND($P37*$Q$10,2)) | U37: =IF(COUNT($R37:$T37)=0,"",SUM($R37:$T37)) | V37: =IF(ISERROR(IF($U37="","",ROUND(($U37/$U$10)*$V$10,2))),"",IF($U37="","",ROUND(($U37/$U$10)*$V$10,2))) | W37: =IF($V37="","",ROUND($V37*$W$10,2)) | X37: =IF(ISERROR(IF($T37="","",ROUND(SUM($K37,$Q37,$W37),2))),"",IF($T37="","",ROUND(SUM($K37,$Q37,$W37),2))) | Y37: =IF(ISERROR(IF($T37="","",VLOOKUP(X37,NewTransmu,4,TRUE))),"",IF($T37="","",VLOOKUP(X37,NewTransmu,4,TRUE))) | Z37: =IF(ISERROR(IF(Y37="","",VLOOKUP(Y37,DESCRIPTORS,4,TRUE))),"",IF(Y37="","",VLOOKUP(Y37,DESCRIPTORS,4,TRUE))) | AT37: =(R37/$R$10)*100 -> 0 | AU37: =(S37/$S$10)*100 -> 0 | AV37: =(T37/$T$10)*100 -> 0
A38: =INPUT!A37 -> 0 | B38: =INPUT!B37 -> 0 | C38: =INPUT!C37 -> 0 | I38: =IF(COUNT($D38:$H38)=0,"",SUM($D38:$H38)) | J38: =IF(ISERROR(IF($I38="","",ROUND(($I38/$I$10)*$J$10,2))),"",IF($I38="","",ROUND(($I38/$I$10)*$J$10,2))) | K38: =IF($J38="","",ROUND($J38*$K$10,2)) | O38: =IF(COUNT($L38:$N38)=0,"",SUM($L38:$N38)) | P38: =IF(ISERROR(IF($O38="","",ROUND(($O38/$O$10)*$P$10,2))),"",IF($O38="","",ROUND(($O38/$O$10)*$P$10,2))) | Q38: =IF($P38="","",ROUND($P38*$Q$10,2)) | U38: =IF(COUNT($R38:$T38)=0,"",SUM($R38:$T38)) | V38: =IF(ISERROR(IF($U38="","",ROUND(($U38/$U$10)*$V$10,2))),"",IF($U38="","",ROUND(($U38/$U$10)*$V$10,2))) | W38: =IF($V38="","",ROUND($V38*$W$10,2)) | X38: =IF(ISERROR(IF($T38="","",ROUND(SUM($K38,$Q38,$W38),2))),"",IF($T38="","",ROUND(SUM($K38,$Q38,$W38),2))) | Y38: =IF(ISERROR(IF($T38="","",VLOOKUP(X38,NewTransmu,4,TRUE))),"",IF($T38="","",VLOOKUP(X38,NewTransmu,4,TRUE))) | Z38: =IF(ISERROR(IF(Y38="","",VLOOKUP(Y38,DESCRIPTORS,4,TRUE))),"",IF(Y38="","",VLOOKUP(Y38,DESCRIPTORS,4,TRUE))) | AT38: =(R38/$R$10)*100 -> 0 | AU38: =(S38/$S$10)*100 -> 0 | AV38: =(T38/$T$10)*100 -> 0
A39: =INPUT!A38 -> 0 | B39: =INPUT!B38 -> 0 | C39: =INPUT!C38 -> 0 | I39: =IF(COUNT($D39:$H39)=0,"",SUM($D39:$H39)) | J39: =IF(ISERROR(IF($I39="","",ROUND(($I39/$I$10)*$J$10,2))),"",IF($I39="","",ROUND(($I39/$I$10)*$J$10,2))) | K39: =IF($J39="","",ROUND($J39*$K$10,2)) | O39: =IF(COUNT($L39:$N39)=0,"",SUM($L39:$N39)) | P39: =IF(ISERROR(IF($O39="","",ROUND(($O39/$O$10)*$P$10,2))),"",IF($O39="","",ROUND(($O39/$O$10)*$P$10,2))) | Q39: =IF($P39="","",ROUND($P39*$Q$10,2)) | U39: =IF(COUNT($R39:$T39)=0,"",SUM($R39:$T39)) | V39: =IF(ISERROR(IF($U39="","",ROUND(($U39/$U$10)*$V$10,2))),"",IF($U39="","",ROUND(($U39/$U$10)*$V$10,2))) | W39: =IF($V39="","",ROUND($V39*$W$10,2)) | X39: =IF(ISERROR(IF($T39="","",ROUND(SUM($K39,$Q39,$W39),2))),"",IF($T39="","",ROUND(SUM($K39,$Q39,$W39),2))) | Y39: =IF(ISERROR(IF($T39="","",VLOOKUP(X39,NewTransmu,4,TRUE))),"",IF($T39="","",VLOOKUP(X39,NewTransmu,4,TRUE))) | Z39: =IF(ISERROR(IF(Y39="","",VLOOKUP(Y39,DESCRIPTORS,4,TRUE))),"",IF(Y39="","",VLOOKUP(Y39,DESCRIPTORS,4,TRUE))) | AT39: =(R39/$R$10)*100 -> 0 | AU39: =(S39/$S$10)*100 -> 0 | AV39: =(T39/$T$10)*100 -> 0
A40: =INPUT!A39 -> 0 | B40: =INPUT!B39 -> 0 | C40: =INPUT!C39 -> 0 | I40: =IF(COUNT($D40:$H40)=0,"",SUM($D40:$H40)) | J40: =IF(ISERROR(IF($I40="","",ROUND(($I40/$I$10)*$J$10,2))),"",IF($I40="","",ROUND(($I40/$I$10)*$J$10,2))) | K40: =IF($J40="","",ROUND($J40*$K$10,2)) | O40: =IF(COUNT($L40:$N40)=0,"",SUM($L40:$N40)) | P40: =IF(ISERROR(IF($O40="","",ROUND(($O40/$O$10)*$P$10,2))),"",IF($O40="","",ROUND(($O40/$O$10)*$P$10,2))) | Q40: =IF($P40="","",ROUND($P40*$Q$10,2)) | U40: =IF(COUNT($R40:$T40)=0,"",SUM($R40:$T40)) | V40: =IF(ISERROR(IF($U40="","",ROUND(($U40/$U$10)*$V$10,2))),"",IF($U40="","",ROUND(($U40/$U$10)*$V$10,2))) | W40: =IF($V40="","",ROUND($V40*$W$10,2)) | X40: =IF(ISERROR(IF($T40="","",ROUND(SUM($K40,$Q40,$W40),2))),"",IF($T40="","",ROUND(SUM($K40,$Q40,$W40),2))) | Y40: =IF(ISERROR(IF($T40="","",VLOOKUP(X40,NewTransmu,4,TRUE))),"",IF($T40="","",VLOOKUP(X40,NewTransmu,4,TRUE))) | Z40: =IF(ISERROR(IF(Y40="","",VLOOKUP(Y40,DESCRIPTORS,4,TRUE))),"",IF(Y40="","",VLOOKUP(Y40,DESCRIPTORS,4,TRUE))) | AT40: =(R40/$R$10)*100 -> 0 | AU40: =(S40/$S$10)*100 -> 0 | AV40: =(T40/$T$10)*100 -> 0
A41: =INPUT!A40 -> 0 | B41: =INPUT!B40 -> 0 | C41: =INPUT!C40 -> 0 | I41: =IF(COUNT($D41:$H41)=0,"",SUM($D41:$H41)) | J41: =IF(ISERROR(IF($I41="","",ROUND(($I41/$I$10)*$J$10,2))),"",IF($I41="","",ROUND(($I41/$I$10)*$J$10,2))) | K41: =IF($J41="","",ROUND($J41*$K$10,2)) | O41: =IF(COUNT($L41:$N41)=0,"",SUM($L41:$N41)) | P41: =IF(ISERROR(IF($O41="","",ROUND(($O41/$O$10)*$P$10,2))),"",IF($O41="","",ROUND(($O41/$O$10)*$P$10,2))) | Q41: =IF($P41="","",ROUND($P41*$Q$10,2)) | U41: =IF(COUNT($R41:$T41)=0,"",SUM($R41:$T41)) | V41: =IF(ISERROR(IF($U41="","",ROUND(($U41/$U$10)*$V$10,2))),"",IF($U41="","",ROUND(($U41/$U$10)*$V$10,2))) | W41: =IF($V41="","",ROUND($V41*$W$10,2)) | X41: =IF(ISERROR(IF($T41="","",ROUND(SUM($K41,$Q41,$W41),2))),"",IF($T41="","",ROUND(SUM($K41,$Q41,$W41),2))) | Y41: =IF(ISERROR(IF($T41="","",VLOOKUP(X41,NewTransmu,4,TRUE))),"",IF($T41="","",VLOOKUP(X41,NewTransmu,4,TRUE))) | Z41: =IF(ISERROR(IF(Y41="","",VLOOKUP(Y41,DESCRIPTORS,4,TRUE))),"",IF(Y41="","",VLOOKUP(Y41,DESCRIPTORS,4,TRUE))) | AT41: =(R41/$R$10)*100 -> 0 | AU41: =(S41/$S$10)*100 -> 0 | AV41: =(T41/$T$10)*100 -> 0
A42: =INPUT!A41 -> 0 | B42: =INPUT!B41 -> 0 | C42: =INPUT!C41 -> 0 | I42: =IF(COUNT($D42:$H42)=0,"",SUM($D42:$H42)) | J42: =IF(ISERROR(IF($I42="","",ROUND(($I42/$I$10)*$J$10,2))),"",IF($I42="","",ROUND(($I42/$I$10)*$J$10,2))) | K42: =IF($J42="","",ROUND($J42*$K$10,2)) | O42: =IF(COUNT($L42:$N42)=0,"",SUM($L42:$N42)) | P42: =IF(ISERROR(IF($O42="","",ROUND(($O42/$O$10)*$P$10,2))),"",IF($O42="","",ROUND(($O42/$O$10)*$P$10,2))) | Q42: =IF($P42="","",ROUND($P42*$Q$10,2)) | U42: =IF(COUNT($R42:$T42)=0,"",SUM($R42:$T42)) | V42: =IF(ISERROR(IF($U42="","",ROUND(($U42/$U$10)*$V$10,2))),"",IF($U42="","",ROUND(($U42/$U$10)*$V$10,2))) | W42: =IF($V42="","",ROUND($V42*$W$10,2)) | X42: =IF(ISERROR(IF($T42="","",ROUND(SUM($K42,$Q42,$W42),2))),"",IF($T42="","",ROUND(SUM($K42,$Q42,$W42),2))) | Y42: =IF(ISERROR(IF($T42="","",VLOOKUP(X42,NewTransmu,4,TRUE))),"",IF($T42="","",VLOOKUP(X42,NewTransmu,4,TRUE))) | Z42: =IF(ISERROR(IF(Y42="","",VLOOKUP(Y42,DESCRIPTORS,4,TRUE))),"",IF(Y42="","",VLOOKUP(Y42,DESCRIPTORS,4,TRUE))) | AT42: =(R42/$R$10)*100 -> 0 | AU42: =(S42/$S$10)*100 -> 0 | AV42: =(T42/$T$10)*100 -> 0
A43: =INPUT!A42 -> 0 | B43: =INPUT!B42 -> 0 | C43: =INPUT!C42 -> 0 | I43: =IF(COUNT($D43:$H43)=0,"",SUM($D43:$H43)) | J43: =IF(ISERROR(IF($I43="","",ROUND(($I43/$I$10)*$J$10,2))),"",IF($I43="","",ROUND(($I43/$I$10)*$J$10,2))) | K43: =IF($J43="","",ROUND($J43*$K$10,2)) | O43: =IF(COUNT($L43:$N43)=0,"",SUM($L43:$N43)) | P43: =IF(ISERROR(IF($O43="","",ROUND(($O43/$O$10)*$P$10,2))),"",IF($O43="","",ROUND(($O43/$O$10)*$P$10,2))) | Q43: =IF($P43="","",ROUND($P43*$Q$10,2)) | U43: =IF(COUNT($R43:$T43)=0,"",SUM($R43:$T43)) | V43: =IF(ISERROR(IF($U43="","",ROUND(($U43/$U$10)*$V$10,2))),"",IF($U43="","",ROUND(($U43/$U$10)*$V$10,2))) | W43: =IF($V43="","",ROUND($V43*$W$10,2)) | X43: =IF(ISERROR(IF($T43="","",ROUND(SUM($K43,$Q43,$W43),2))),"",IF($T43="","",ROUND(SUM($K43,$Q43,$W43),2))) | Y43: =IF(ISERROR(IF($T43="","",VLOOKUP(X43,NewTransmu,4,TRUE))),"",IF($T43="","",VLOOKUP(X43,NewTransmu,4,TRUE))) | Z43: =IF(ISERROR(IF(Y43="","",VLOOKUP(Y43,DESCRIPTORS,4,TRUE))),"",IF(Y43="","",VLOOKUP(Y43,DESCRIPTORS,4,TRUE))) | AT43: =(R43/$R$10)*100 -> 0 | AU43: =(S43/$S$10)*100 -> 0 | AV43: =(T43/$T$10)*100 -> 0
A44: =INPUT!A43 -> 0 | B44: =INPUT!B43 -> 0 | C44: =INPUT!C43 -> 0 | I44: =IF(COUNT($D44:$H44)=0,"",SUM($D44:$H44)) | J44: =IF(ISERROR(IF($I44="","",ROUND(($I44/$I$10)*$J$10,2))),"",IF($I44="","",ROUND(($I44/$I$10)*$J$10,2))) | K44: =IF($J44="","",ROUND($J44*$K$10,2)) | O44: =IF(COUNT($L44:$N44)=0,"",SUM($L44:$N44)) | P44: =IF(ISERROR(IF($O44="","",ROUND(($O44/$O$10)*$P$10,2))),"",IF($O44="","",ROUND(($O44/$O$10)*$P$10,2))) | Q44: =IF($P44="","",ROUND($P44*$Q$10,2)) | U44: =IF(COUNT($R44:$T44)=0,"",SUM($R44:$T44)) | V44: =IF(ISERROR(IF($U44="","",ROUND(($U44/$U$10)*$V$10,2))),"",IF($U44="","",ROUND(($U44/$U$10)*$V$10,2))) | W44: =IF($V44="","",ROUND($V44*$W$10,2)) | X44: =IF(ISERROR(IF($T44="","",ROUND(SUM($K44,$Q44,$W44),2))),"",IF($T44="","",ROUND(SUM($K44,$Q44,$W44),2))) | Y44: =IF(ISERROR(IF($T44="","",VLOOKUP(X44,NewTransmu,4,TRUE))),"",IF($T44="","",VLOOKUP(X44,NewTransmu,4,TRUE))) | Z44: =IF(ISERROR(IF(Y44="","",VLOOKUP(Y44,DESCRIPTORS,4,TRUE))),"",IF(Y44="","",VLOOKUP(Y44,DESCRIPTORS,4,TRUE))) | AT44: =(R44/$R$10)*100 -> 0 | AU44: =(S44/$S$10)*100 -> 0 | AV44: =(T44/$T$10)*100 -> 0
A45: =INPUT!A44 -> 0 | B45: =INPUT!B44 -> 0 | C45: =INPUT!C44 -> 0 | I45: =IF(COUNT($D45:$H45)=0,"",SUM($D45:$H45)) | J45: =IF(ISERROR(IF($I45="","",ROUND(($I45/$I$10)*$J$10,2))),"",IF($I45="","",ROUND(($I45/$I$10)*$J$10,2))) | K45: =IF($J45="","",ROUND($J45*$K$10,2)) | O45: =IF(COUNT($L45:$N45)=0,"",SUM($L45:$N45)) | P45: =IF(ISERROR(IF($O45="","",ROUND(($O45/$O$10)*$P$10,2))),"",IF($O45="","",ROUND(($O45/$O$10)*$P$10,2))) | Q45: =IF($P45="","",ROUND($P45*$Q$10,2)) | U45: =IF(COUNT($R45:$T45)=0,"",SUM($R45:$T45)) | V45: =IF(ISERROR(IF($U45="","",ROUND(($U45/$U$10)*$V$10,2))),"",IF($U45="","",ROUND(($U45/$U$10)*$V$10,2))) | W45: =IF($V45="","",ROUND($V45*$W$10,2)) | X45: =IF(ISERROR(IF($T45="","",ROUND(SUM($K45,$Q45,$W45),2))),"",IF($T45="","",ROUND(SUM($K45,$Q45,$W45),2))) | Y45: =IF(ISERROR(IF($T45="","",VLOOKUP(X45,NewTransmu,4,TRUE))),"",IF($T45="","",VLOOKUP(X45,NewTransmu,4,TRUE))) | Z45: =IF(ISERROR(IF(Y45="","",VLOOKUP(Y45,DESCRIPTORS,4,TRUE))),"",IF(Y45="","",VLOOKUP(Y45,DESCRIPTORS,4,TRUE))) | AT45: =(R45/$R$10)*100 -> 0 | AU45: =(S45/$S$10)*100 -> 0 | AV45: =(T45/$T$10)*100 -> 0
... A61: =INPUT!A60 -> 0 | B61: =INPUT!B60 -> 0 | C61: =INPUT!C60 -> 0 | I61: =IF(COUNT($D61:$H61)=0,"",SUM($D61:$H61)) | J61: =IF(ISERROR(IF($I61="","",ROUND(($I61/$I$10)*$J$10,2))),"",IF($I61="","",ROUND(($I61/$I$10)*$J$10,2))) | K61: =IF($J61="","",ROUND($J61*$K$10,2)) | O61: =IF(COUNT($L61:$N61)=0,"",SUM($L61:$N61)) | P61: =IF(ISERROR(IF($O61="","",ROUND(($O61/$O$10)*$P$10,2))),"",IF($O61="","",ROUND(($O61/$O$10)*$P$10,2))) | Q61: =IF($P61="","",ROUND($P61*$Q$10,2)) | U61: =IF(COUNT($R61:$T61)=0,"",SUM($R61:$T61)) | V61: =IF(ISERROR(IF($U61="","",ROUND(($U61/$U$10)*$V$10,2))),"",IF($U61="","",ROUND(($U61/$U$10)*$V$10,2))) | W61: =IF($V61="","",ROUND($V61*$W$10,2)) | X61: =IF(ISERROR(IF($T61="","",ROUND(SUM($K61,$Q61,$W61),2))),"",IF($T61="","",ROUND(SUM($K61,$Q61,$W61),2))) | Y61: =IF(ISERROR(IF($T61="","",VLOOKUP(X61,NewTransmu,4,TRUE))),"",IF($T61="","",VLOOKUP(X61,NewTransmu,4,TRUE))) | Z61: =IF(ISERROR(IF(Y61="","",VLOOKUP(Y61,DESCRIPTORS,4,TRUE))),"",IF(Y61="","",VLOOKUP(Y61,DESCRIPTORS,4,TRUE))) | AT61: =(R61/$R$10)*100 -> 0 | AU61: =(S61/$S$10)*100 -> 0 | AV61: =(T61/$T$10)*100 -> 0
I62: =IF(COUNT($D62:$H62)=0,"",SUM($D62:$H62)) | J62: =IF(ISERROR(IF($I62="","",ROUND(($I62/$I$10)*$J$10,2))),"",IF($I62="","",ROUND(($I62/$I$10)*$J$10,2))) | K62: =IF($J62="","",ROUND($J62*$K$10,2)) | O62: =IF(COUNT($L62:$N62)=0,"",SUM($L62:$N62)) | P62: =IF(ISERROR(IF($O62="","",ROUND(($O62/$O$10)*$P$10,2))),"",IF($O62="","",ROUND(($O62/$O$10)*$P$10,2))) | Q62: =IF($P62="","",ROUND($P62*$Q$10,2)) | U62: =IF(COUNT($R62:$T62)=0,"",SUM($R62:$T62)) | V62: =IF(ISERROR(IF($U62="","",ROUND(($U62/$U$10)*$V$10,2))),"",IF($U62="","",ROUND(($U62/$U$10)*$V$10,2))) | W62: =IF($V62="","",ROUND($V62*$W$10,2)) | X62: =IF(ISERROR(IF($T62="","",ROUND(SUM($K62,$Q62,$W62),2))),"",IF($T62="","",ROUND(SUM($K62,$Q62,$W62),2))) | Y62: =IF(ISERROR(IF($T62="","",VLOOKUP(X62,NewTransmu,4,TRUE))),"",IF($T62="","",VLOOKUP(X62,NewTransmu,4,TRUE))) | Z62: =IF(ISERROR(IF(Y62="","",VLOOKUP(Y62,DESCRIPTORS,4,TRUE))),"",IF(Y62="","",VLOOKUP(Y62,DESCRIPTORS,4,TRUE))) | AT62: =(R62/$R$10)*100 -> 0 | AU62: =(S62/$S$10)*100 -> 0 | AV62: =(T62/$T$10)*100 -> 0
A63: {end_boys_numbering} | B63: =INPUT!B62 -> 0 | C63: =INPUT!C62 -> FEMALE
B64: FEMALE | AT64: =(R64/$R$10)*100 -> 0 | AU64: =(S64/$S$10)*100 -> 0 | AV64: =(T64/$T$10)*100 -> 0
A65: {start_girls_numbering} | B65: {girls_start_id} | C65: {start_girls}
A66: =INPUT!A64 -> 1 | B66: =INPUT!B64 -> 2022-00020 | C66: =INPUT!C64 -> Araquil, Jheane Joel | D66: 1 | E66: 1 | F66: 1 | G66: 1 | H66: 1 | I66: =IF(COUNT($D66:$H66)=0,"",SUM($D66:$H66)) -> 5 | J66: =IF(ISERROR(IF($I66="","",ROUND(($I66/$I$10)*$J$10,2))),"",IF($I66="","",ROUND(($I66/$I$10)*$J$10,2))) -> 100 | K66: =IF($J66="","",ROUND($J66*$K$10,2)) -> 20 | L66: 1 | M66: 1 | N66: 1 | O66: =IF(COUNT($L66:$N66)=0,"",SUM($L66:$N66)) -> 3 | P66: =IF(ISERROR(IF($O66="","",ROUND(($O66/$O$10)*$P$10,2))),"",IF($O66="","",ROUND(($O66/$O$10)*$P$10,2))) -> 100 | Q66: =IF($P66="","",ROUND($P66*$Q$10,2)) -> 80 | R66: 1 | S66: 1 | T66: 1 | U66: =IF(COUNT($R66:$T66)=0,"",SUM($R66:$T66)) -> 3 | V66: =IF(ISERROR(IF($U66="","",ROUND(($U66/$U$10)*$V$10,2))),"",IF($U66="","",ROUND(($U66/$U$10)*$V$10,2))) -> 100 | W66: =IF($V66="","",ROUND($V66*$W$10,2)) -> 20 | X66: =IF(ISERROR(IF($T66="","",ROUND(SUM($K66,$Q66,$W66),2))),"",IF($T66="","",ROUND(SUM($K66,$Q66,$W66),2))) -> 120 | Y66: =IF(ISERROR(IF($T66="","",VLOOKUP(X66,NewTransmu,4,TRUE))),"",IF($T66="","",VLOOKUP(X66,NewTransmu,4,TRUE))) -> 100 | Z66: =IF(ISERROR(IF(Y66="","",VLOOKUP(Y66,DESCRIPTORS,4,TRUE))),"",IF(Y66="","",VLOOKUP(Y66,DESCRIPTORS,4,TRUE))) -> Advancing | AT66: =(R66/$R$10)*100 -> 100 | AU66: =(S66/$S$10)*100 -> 100 | AV66: =(T66/$T$10)*100 -> 100
A67: =INPUT!A65 -> 2 | B67: =INPUT!B65 -> 2022-00021 | C67: =INPUT!C65 -> Balacuit, Kyle Anjheilee | D67: 1 | E67: 1 | F67: 1 | G67: 1 | H67: 1 | I67: =IF(COUNT($D67:$H67)=0,"",SUM($D67:$H67)) -> 5 | J67: =IF(ISERROR(IF($I67="","",ROUND(($I67/$I$10)*$J$10,2))),"",IF($I67="","",ROUND(($I67/$I$10)*$J$10,2))) -> 100 | K67: =IF($J67="","",ROUND($J67*$K$10,2)) -> 20 | L67: 1 | M67: 1 | N67: 1 | O67: =IF(COUNT($L67:$N67)=0,"",SUM($L67:$N67)) -> 3 | P67: =IF(ISERROR(IF($O67="","",ROUND(($O67/$O$10)*$P$10,2))),"",IF($O67="","",ROUND(($O67/$O$10)*$P$10,2))) -> 100 | Q67: =IF($P67="","",ROUND($P67*$Q$10,2)) -> 80 | R67: 1 | S67: 1 | T67: 1 | U67: =IF(COUNT($R67:$T67)=0,"",SUM($R67:$T67)) -> 3 | V67: =IF(ISERROR(IF($U67="","",ROUND(($U67/$U$10)*$V$10,2))),"",IF($U67="","",ROUND(($U67/$U$10)*$V$10,2))) -> 100 | W67: =IF($V67="","",ROUND($V67*$W$10,2)) -> 20 | X67: =IF(ISERROR(IF($T67="","",ROUND(SUM($K67,$Q67,$W67),2))),"",IF($T67="","",ROUND(SUM($K67,$Q67,$W67),2))) -> 120 | Y67: =IF(ISERROR(IF($T67="","",VLOOKUP(X67,NewTransmu,4,TRUE))),"",IF($T67="","",VLOOKUP(X67,NewTransmu,4,TRUE))) -> 100 | Z67: =IF(ISERROR(IF(Y67="","",VLOOKUP(Y67,DESCRIPTORS,4,TRUE))),"",IF(Y67="","",VLOOKUP(Y67,DESCRIPTORS,4,TRUE))) -> Advancing | AT67: =(R67/$R$10)*100 -> 100 | AU67: =(S67/$S$10)*100 -> 100 | AV67: =(T67/$T$10)*100 -> 100
A68: =INPUT!A66 -> 3 | B68: =INPUT!B66 -> 2022-00022 | C68: =INPUT!C66 -> Barcelona, Jannah Grich | D68: 1 | E68: 1 | F68: 1 | G68: 1 | H68: 1 | I68: =IF(COUNT($D68:$H68)=0,"",SUM($D68:$H68)) -> 5 | J68: =IF(ISERROR(IF($I68="","",ROUND(($I68/$I$10)*$J$10,2))),"",IF($I68="","",ROUND(($I68/$I$10)*$J$10,2))) -> 100 | K68: =IF($J68="","",ROUND($J68*$K$10,2)) -> 20 | L68: 1 | M68: 1 | N68: 1 | O68: =IF(COUNT($L68:$N68)=0,"",SUM($L68:$N68)) -> 3 | P68: =IF(ISERROR(IF($O68="","",ROUND(($O68/$O$10)*$P$10,2))),"",IF($O68="","",ROUND(($O68/$O$10)*$P$10,2))) -> 100 | Q68: =IF($P68="","",ROUND($P68*$Q$10,2)) -> 80 | R68: 1 | S68: 1 | T68: 1 | U68: =IF(COUNT($R68:$T68)=0,"",SUM($R68:$T68)) -> 3 | V68: =IF(ISERROR(IF($U68="","",ROUND(($U68/$U$10)*$V$10,2))),"",IF($U68="","",ROUND(($U68/$U$10)*$V$10,2))) -> 100 | W68: =IF($V68="","",ROUND($V68*$W$10,2)) -> 20 | X68: =IF(ISERROR(IF($T68="","",ROUND(SUM($K68,$Q68,$W68),2))),"",IF($T68="","",ROUND(SUM($K68,$Q68,$W68),2))) -> 120 | Y68: =IF(ISERROR(IF($T68="","",VLOOKUP(X68,NewTransmu,4,TRUE))),"",IF($T68="","",VLOOKUP(X68,NewTransmu,4,TRUE))) -> 100 | Z68: =IF(ISERROR(IF(Y68="","",VLOOKUP(Y68,DESCRIPTORS,4,TRUE))),"",IF(Y68="","",VLOOKUP(Y68,DESCRIPTORS,4,TRUE))) -> Advancing | AT68: =(R68/$R$10)*100 -> 100 | AU68: =(S68/$S$10)*100 -> 100 | AV68: =(T68/$T$10)*100 -> 100
A69: =INPUT!A67 -> 4 | B69: =INPUT!B67 -> 2022-00421 | C69: =INPUT!C67 -> Bartonico, Flenzeu | D69: 1 | E69: 1 | F69: 1 | G69: 1 | H69: 1 | I69: =IF(COUNT($D69:$H69)=0,"",SUM($D69:$H69)) -> 5 | J69: =IF(ISERROR(IF($I69="","",ROUND(($I69/$I$10)*$J$10,2))),"",IF($I69="","",ROUND(($I69/$I$10)*$J$10,2))) -> 100 | K69: =IF($J69="","",ROUND($J69*$K$10,2)) -> 20 | L69: 1 | M69: 1 | N69: 1 | O69: =IF(COUNT($L69:$N69)=0,"",SUM($L69:$N69)) -> 3 | P69: =IF(ISERROR(IF($O69="","",ROUND(($O69/$O$10)*$P$10,2))),"",IF($O69="","",ROUND(($O69/$O$10)*$P$10,2))) -> 100 | Q69: =IF($P69="","",ROUND($P69*$Q$10,2)) -> 80 | R69: 1 | S69: 1 | T69: 1 | U69: =IF(COUNT($R69:$T69)=0,"",SUM($R69:$T69)) -> 3 | V69: =IF(ISERROR(IF($U69="","",ROUND(($U69/$U$10)*$V$10,2))),"",IF($U69="","",ROUND(($U69/$U$10)*$V$10,2))) -> 100 | W69: =IF($V69="","",ROUND($V69*$W$10,2)) -> 20 | X69: =IF(ISERROR(IF($T69="","",ROUND(SUM($K69,$Q69,$W69),2))),"",IF($T69="","",ROUND(SUM($K69,$Q69,$W69),2))) -> 120 | Y69: =IF(ISERROR(IF($T69="","",VLOOKUP(X69,NewTransmu,4,TRUE))),"",IF($T69="","",VLOOKUP(X69,NewTransmu,4,TRUE))) -> 100 | Z69: =IF(ISERROR(IF(Y69="","",VLOOKUP(Y69,DESCRIPTORS,4,TRUE))),"",IF(Y69="","",VLOOKUP(Y69,DESCRIPTORS,4,TRUE))) -> Advancing | AT69: =(R69/$R$10)*100 -> 100 | AU69: =(S69/$S$10)*100 -> 100 | AV69: =(T69/$T$10)*100 -> 100
A70: =INPUT!A68 -> 5 | B70: =INPUT!B68 -> 2022-00422 | C70: =INPUT!C68 -> Bernaldo, Rutchyl Gem | D70: 1 | E70: 1 | F70: 1 | G70: 1 | H70: 1 | I70: =IF(COUNT($D70:$H70)=0,"",SUM($D70:$H70)) -> 5 | J70: =IF(ISERROR(IF($I70="","",ROUND(($I70/$I$10)*$J$10,2))),"",IF($I70="","",ROUND(($I70/$I$10)*$J$10,2))) -> 100 | K70: =IF($J70="","",ROUND($J70*$K$10,2)) -> 20 | L70: 1 | M70: 1 | N70: 1 | O70: =IF(COUNT($L70:$N70)=0,"",SUM($L70:$N70)) -> 3 | P70: =IF(ISERROR(IF($O70="","",ROUND(($O70/$O$10)*$P$10,2))),"",IF($O70="","",ROUND(($O70/$O$10)*$P$10,2))) -> 100 | Q70: =IF($P70="","",ROUND($P70*$Q$10,2)) -> 80 | R70: 1 | S70: 1 | T70: 1 | U70: =IF(COUNT($R70:$T70)=0,"",SUM($R70:$T70)) -> 3 | V70: =IF(ISERROR(IF($U70="","",ROUND(($U70/$U$10)*$V$10,2))),"",IF($U70="","",ROUND(($U70/$U$10)*$V$10,2))) -> 100 | W70: =IF($V70="","",ROUND($V70*$W$10,2)) -> 20 | X70: =IF(ISERROR(IF($T70="","",ROUND(SUM($K70,$Q70,$W70),2))),"",IF($T70="","",ROUND(SUM($K70,$Q70,$W70),2))) -> 120 | Y70: =IF(ISERROR(IF($T70="","",VLOOKUP(X70,NewTransmu,4,TRUE))),"",IF($T70="","",VLOOKUP(X70,NewTransmu,4,TRUE))) -> 100 | Z70: =IF(ISERROR(IF(Y70="","",VLOOKUP(Y70,DESCRIPTORS,4,TRUE))),"",IF(Y70="","",VLOOKUP(Y70,DESCRIPTORS,4,TRUE))) -> Advancing | AT70: =(R70/$R$10)*100 -> 100 | AU70: =(S70/$S$10)*100 -> 100 | AV70: =(T70/$T$10)*100 -> 100
A71: =INPUT!A69 -> 6 | B71: =INPUT!B69 -> 2022-00023 | C71: =INPUT!C69 -> Borja, Wins Daughter | D71: 1 | E71: 1 | F71: 1 | G71: 1 | H71: 1 | I71: =IF(COUNT($D71:$H71)=0,"",SUM($D71:$H71)) -> 5 | J71: =IF(ISERROR(IF($I71="","",ROUND(($I71/$I$10)*$J$10,2))),"",IF($I71="","",ROUND(($I71/$I$10)*$J$10,2))) -> 100 | K71: =IF($J71="","",ROUND($J71*$K$10,2)) -> 20 | L71: 1 | M71: 1 | N71: 1 | O71: =IF(COUNT($L71:$N71)=0,"",SUM($L71:$N71)) -> 3 | P71: =IF(ISERROR(IF($O71="","",ROUND(($O71/$O$10)*$P$10,2))),"",IF($O71="","",ROUND(($O71/$O$10)*$P$10,2))) -> 100 | Q71: =IF($P71="","",ROUND($P71*$Q$10,2)) -> 80 | R71: 1 | S71: 1 | T71: 1 | U71: =IF(COUNT($R71:$T71)=0,"",SUM($R71:$T71)) -> 3 | V71: =IF(ISERROR(IF($U71="","",ROUND(($U71/$U$10)*$V$10,2))),"",IF($U71="","",ROUND(($U71/$U$10)*$V$10,2))) -> 100 | W71: =IF($V71="","",ROUND($V71*$W$10,2)) -> 20 | X71: =IF(ISERROR(IF($T71="","",ROUND(SUM($K71,$Q71,$W71),2))),"",IF($T71="","",ROUND(SUM($K71,$Q71,$W71),2))) -> 120 | Y71: =IF(ISERROR(IF($T71="","",VLOOKUP(X71,NewTransmu,4,TRUE))),"",IF($T71="","",VLOOKUP(X71,NewTransmu,4,TRUE))) -> 100 | Z71: =IF(ISERROR(IF(Y71="","",VLOOKUP(Y71,DESCRIPTORS,4,TRUE))),"",IF(Y71="","",VLOOKUP(Y71,DESCRIPTORS,4,TRUE))) -> Advancing | AT71: =(R71/$R$10)*100 -> 100 | AU71: =(S71/$S$10)*100 -> 100 | AV71: =(T71/$T$10)*100 -> 100
A72: =INPUT!A70 -> 7 | B72: =INPUT!B70 -> 2023-00520 | C72: =INPUT!C70 -> CABIGAS, HUETTE EVANNY | D72: 1 | E72: 1 | F72: 1 | G72: 1 | H72: 1 | I72: =IF(COUNT($D72:$H72)=0,"",SUM($D72:$H72)) -> 5 | J72: =IF(ISERROR(IF($I72="","",ROUND(($I72/$I$10)*$J$10,2))),"",IF($I72="","",ROUND(($I72/$I$10)*$J$10,2))) -> 100 | K72: =IF($J72="","",ROUND($J72*$K$10,2)) -> 20 | L72: 1 | M72: 1 | N72: 1 | O72: =IF(COUNT($L72:$N72)=0,"",SUM($L72:$N72)) -> 3 | P72: =IF(ISERROR(IF($O72="","",ROUND(($O72/$O$10)*$P$10,2))),"",IF($O72="","",ROUND(($O72/$O$10)*$P$10,2))) -> 100 | Q72: =IF($P72="","",ROUND($P72*$Q$10,2)) -> 80 | R72: 1 | S72: 1 | T72: 1 | U72: =IF(COUNT($R72:$T72)=0,"",SUM($R72:$T72)) -> 3 | V72: =IF(ISERROR(IF($U72="","",ROUND(($U72/$U$10)*$V$10,2))),"",IF($U72="","",ROUND(($U72/$U$10)*$V$10,2))) -> 100 | W72: =IF($V72="","",ROUND($V72*$W$10,2)) -> 20 | X72: =IF(ISERROR(IF($T72="","",ROUND(SUM($K72,$Q72,$W72),2))),"",IF($T72="","",ROUND(SUM($K72,$Q72,$W72),2))) -> 120 | Y72: =IF(ISERROR(IF($T72="","",VLOOKUP(X72,NewTransmu,4,TRUE))),"",IF($T72="","",VLOOKUP(X72,NewTransmu,4,TRUE))) -> 100 | Z72: =IF(ISERROR(IF(Y72="","",VLOOKUP(Y72,DESCRIPTORS,4,TRUE))),"",IF(Y72="","",VLOOKUP(Y72,DESCRIPTORS,4,TRUE))) -> Advancing | AT72: =(R72/$R$10)*100 -> 100 | AU72: =(S72/$S$10)*100 -> 100 | AV72: =(T72/$T$10)*100 -> 100
A73: =INPUT!A71 -> 8 | B73: =INPUT!B71 -> 2023-00518 | C73: =INPUT!C71 -> CAHANAP, ALESSA KRISTINE | D73: 1 | E73: 1 | F73: 1 | G73: 1 | H73: 1 | I73: =IF(COUNT($D73:$H73)=0,"",SUM($D73:$H73)) -> 5 | J73: =IF(ISERROR(IF($I73="","",ROUND(($I73/$I$10)*$J$10,2))),"",IF($I73="","",ROUND(($I73/$I$10)*$J$10,2))) -> 100 | K73: =IF($J73="","",ROUND($J73*$K$10,2)) -> 20 | L73: 1 | M73: 1 | N73: 1 | O73: =IF(COUNT($L73:$N73)=0,"",SUM($L73:$N73)) -> 3 | P73: =IF(ISERROR(IF($O73="","",ROUND(($O73/$O$10)*$P$10,2))),"",IF($O73="","",ROUND(($O73/$O$10)*$P$10,2))) -> 100 | Q73: =IF($P73="","",ROUND($P73*$Q$10,2)) -> 80 | R73: 1 | S73: 1 | T73: 1 | U73: =IF(COUNT($R73:$T73)=0,"",SUM($R73:$T73)) -> 3 | V73: =IF(ISERROR(IF($U73="","",ROUND(($U73/$U$10)*$V$10,2))),"",IF($U73="","",ROUND(($U73/$U$10)*$V$10,2))) -> 100 | W73: =IF($V73="","",ROUND($V73*$W$10,2)) -> 20 | X73: =IF(ISERROR(IF($T73="","",ROUND(SUM($K73,$Q73,$W73),2))),"",IF($T73="","",ROUND(SUM($K73,$Q73,$W73),2))) -> 120 | Y73: =IF(ISERROR(IF($T73="","",VLOOKUP(X73,NewTransmu,4,TRUE))),"",IF($T73="","",VLOOKUP(X73,NewTransmu,4,TRUE))) -> 100 | Z73: =IF(ISERROR(IF(Y73="","",VLOOKUP(Y73,DESCRIPTORS,4,TRUE))),"",IF(Y73="","",VLOOKUP(Y73,DESCRIPTORS,4,TRUE))) -> Advancing | AT73: =(R73/$R$10)*100 -> 100 | AU73: =(S73/$S$10)*100 -> 100 | AV73: =(T73/$T$10)*100 -> 100
A74: =INPUT!A72 -> 9 | B74: =INPUT!B72 -> 2022-00025 | C74: =INPUT!C72 -> Catubay, Cyril Jhean | D74: 1 | E74: 1 | F74: 1 | G74: 1 | H74: 1 | I74: =IF(COUNT($D74:$H74)=0,"",SUM($D74:$H74)) -> 5 | J74: =IF(ISERROR(IF($I74="","",ROUND(($I74/$I$10)*$J$10,2))),"",IF($I74="","",ROUND(($I74/$I$10)*$J$10,2))) -> 100 | K74: =IF($J74="","",ROUND($J74*$K$10,2)) -> 20 | L74: 1 | M74: 1 | N74: 1 | O74: =IF(COUNT($L74:$N74)=0,"",SUM($L74:$N74)) -> 3 | P74: =IF(ISERROR(IF($O74="","",ROUND(($O74/$O$10)*$P$10,2))),"",IF($O74="","",ROUND(($O74/$O$10)*$P$10,2))) -> 100 | Q74: =IF($P74="","",ROUND($P74*$Q$10,2)) -> 80 | R74: 1 | S74: 1 | T74: 1 | U74: =IF(COUNT($R74:$T74)=0,"",SUM($R74:$T74)) -> 3 | V74: =IF(ISERROR(IF($U74="","",ROUND(($U74/$U$10)*$V$10,2))),"",IF($U74="","",ROUND(($U74/$U$10)*$V$10,2))) -> 100 | W74: =IF($V74="","",ROUND($V74*$W$10,2)) -> 20 | X74: =IF(ISERROR(IF($T74="","",ROUND(SUM($K74,$Q74,$W74),2))),"",IF($T74="","",ROUND(SUM($K74,$Q74,$W74),2))) -> 120 | Y74: =IF(ISERROR(IF($T74="","",VLOOKUP(X74,NewTransmu,4,TRUE))),"",IF($T74="","",VLOOKUP(X74,NewTransmu,4,TRUE))) -> 100 | Z74: =IF(ISERROR(IF(Y74="","",VLOOKUP(Y74,DESCRIPTORS,4,TRUE))),"",IF(Y74="","",VLOOKUP(Y74,DESCRIPTORS,4,TRUE))) -> Advancing | AT74: =(R74/$R$10)*100 -> 100 | AU74: =(S74/$S$10)*100 -> 100 | AV74: =(T74/$T$10)*100 -> 100
A75: =INPUT!A73 -> 10 | B75: =INPUT!B73 -> 2022-00026 | C75: =INPUT!C73 -> Dolotallas, Ashanti Leigh | D75: 1 | E75: 1 | F75: 1 | G75: 1 | H75: 1 | I75: =IF(COUNT($D75:$H75)=0,"",SUM($D75:$H75)) -> 5 | J75: =IF(ISERROR(IF($I75="","",ROUND(($I75/$I$10)*$J$10,2))),"",IF($I75="","",ROUND(($I75/$I$10)*$J$10,2))) -> 100 | K75: =IF($J75="","",ROUND($J75*$K$10,2)) -> 20 | L75: 1 | M75: 1 | N75: 1 | O75: =IF(COUNT($L75:$N75)=0,"",SUM($L75:$N75)) -> 3 | P75: =IF(ISERROR(IF($O75="","",ROUND(($O75/$O$10)*$P$10,2))),"",IF($O75="","",ROUND(($O75/$O$10)*$P$10,2))) -> 100 | Q75: =IF($P75="","",ROUND($P75*$Q$10,2)) -> 80 | R75: 1 | S75: 1 | T75: 1 | U75: =IF(COUNT($R75:$T75)=0,"",SUM($R75:$T75)) -> 3 | V75: =IF(ISERROR(IF($U75="","",ROUND(($U75/$U$10)*$V$10,2))),"",IF($U75="","",ROUND(($U75/$U$10)*$V$10,2))) -> 100 | W75: =IF($V75="","",ROUND($V75*$W$10,2)) -> 20 | X75: =IF(ISERROR(IF($T75="","",ROUND(SUM($K75,$Q75,$W75),2))),"",IF($T75="","",ROUND(SUM($K75,$Q75,$W75),2))) -> 120 | Y75: =IF(ISERROR(IF($T75="","",VLOOKUP(X75,NewTransmu,4,TRUE))),"",IF($T75="","",VLOOKUP(X75,NewTransmu,4,TRUE))) -> 100 | Z75: =IF(ISERROR(IF(Y75="","",VLOOKUP(Y75,DESCRIPTORS,4,TRUE))),"",IF(Y75="","",VLOOKUP(Y75,DESCRIPTORS,4,TRUE))) -> Advancing | AT75: =(R75/$R$10)*100 -> 100 | AU75: =(S75/$S$10)*100 -> 100 | AV75: =(T75/$T$10)*100 -> 100
A76: =INPUT!A74 -> 11 | B76: =INPUT!B74 -> 2022-00027 | C76: =INPUT!C74 -> Egay, Charice | D76: 1 | E76: 1 | F76: 1 | G76: 1 | H76: 1 | I76: =IF(COUNT($D76:$H76)=0,"",SUM($D76:$H76)) -> 5 | J76: =IF(ISERROR(IF($I76="","",ROUND(($I76/$I$10)*$J$10,2))),"",IF($I76="","",ROUND(($I76/$I$10)*$J$10,2))) -> 100 | K76: =IF($J76="","",ROUND($J76*$K$10,2)) -> 20 | L76: 1 | M76: 1 | N76: 1 | O76: =IF(COUNT($L76:$N76)=0,"",SUM($L76:$N76)) -> 3 | P76: =IF(ISERROR(IF($O76="","",ROUND(($O76/$O$10)*$P$10,2))),"",IF($O76="","",ROUND(($O76/$O$10)*$P$10,2))) -> 100 | Q76: =IF($P76="","",ROUND($P76*$Q$10,2)) -> 80 | R76: 1 | S76: 1 | T76: 1 | U76: =IF(COUNT($R76:$T76)=0,"",SUM($R76:$T76)) -> 3 | V76: =IF(ISERROR(IF($U76="","",ROUND(($U76/$U$10)*$V$10,2))),"",IF($U76="","",ROUND(($U76/$U$10)*$V$10,2))) -> 100 | W76: =IF($V76="","",ROUND($V76*$W$10,2)) -> 20 | X76: =IF(ISERROR(IF($T76="","",ROUND(SUM($K76,$Q76,$W76),2))),"",IF($T76="","",ROUND(SUM($K76,$Q76,$W76),2))) -> 120 | Y76: =IF(ISERROR(IF($T76="","",VLOOKUP(X76,NewTransmu,4,TRUE))),"",IF($T76="","",VLOOKUP(X76,NewTransmu,4,TRUE))) -> 100 | Z76: =IF(ISERROR(IF(Y76="","",VLOOKUP(Y76,DESCRIPTORS,4,TRUE))),"",IF(Y76="","",VLOOKUP(Y76,DESCRIPTORS,4,TRUE))) -> Advancing | AT76: =(R76/$R$10)*100 -> 100 | AU76: =(S76/$S$10)*100 -> 100 | AV76: =(T76/$T$10)*100 -> 100
A77: =INPUT!A75 -> 12 | B77: =INPUT!B75 -> 2022-00028 | C77: =INPUT!C75 -> Ferraren, Abegail Jane | D77: 1 | E77: 1 | F77: 1 | G77: 1 | H77: 1 | I77: =IF(COUNT($D77:$H77)=0,"",SUM($D77:$H77)) -> 5 | J77: =IF(ISERROR(IF($I77="","",ROUND(($I77/$I$10)*$J$10,2))),"",IF($I77="","",ROUND(($I77/$I$10)*$J$10,2))) -> 100 | K77: =IF($J77="","",ROUND($J77*$K$10,2)) -> 20 | L77: 1 | M77: 1 | N77: 1 | O77: =IF(COUNT($L77:$N77)=0,"",SUM($L77:$N77)) -> 3 | P77: =IF(ISERROR(IF($O77="","",ROUND(($O77/$O$10)*$P$10,2))),"",IF($O77="","",ROUND(($O77/$O$10)*$P$10,2))) -> 100 | Q77: =IF($P77="","",ROUND($P77*$Q$10,2)) -> 80 | R77: 1 | S77: 1 | T77: 1 | U77: =IF(COUNT($R77:$T77)=0,"",SUM($R77:$T77)) -> 3 | V77: =IF(ISERROR(IF($U77="","",ROUND(($U77/$U$10)*$V$10,2))),"",IF($U77="","",ROUND(($U77/$U$10)*$V$10,2))) -> 100 | W77: =IF($V77="","",ROUND($V77*$W$10,2)) -> 20 | X77: =IF(ISERROR(IF($T77="","",ROUND(SUM($K77,$Q77,$W77),2))),"",IF($T77="","",ROUND(SUM($K77,$Q77,$W77),2))) -> 120 | Y77: =IF(ISERROR(IF($T77="","",VLOOKUP(X77,NewTransmu,4,TRUE))),"",IF($T77="","",VLOOKUP(X77,NewTransmu,4,TRUE))) -> 100 | Z77: =IF(ISERROR(IF(Y77="","",VLOOKUP(Y77,DESCRIPTORS,4,TRUE))),"",IF(Y77="","",VLOOKUP(Y77,DESCRIPTORS,4,TRUE))) -> Advancing | AT77: =(R77/$R$10)*100 -> 100 | AU77: =(S77/$S$10)*100 -> 100 | AV77: =(T77/$T$10)*100 -> 100
... A91: =INPUT!A89 -> 26 | B91: =INPUT!B89 -> 2022-00042 | C91: =INPUT!C89 -> Villacencio, Kharla | D91: 1 | E91: 1 | F91: 1 | G91: 1 | H91: 1 | I91: =IF(COUNT($D91:$H91)=0,"",SUM($D91:$H91)) -> 5 | J91: =IF(ISERROR(IF($I91="","",ROUND(($I91/$I$10)*$J$10,2))),"",IF($I91="","",ROUND(($I91/$I$10)*$J$10,2))) -> 100 | K91: =IF($J91="","",ROUND($J91*$K$10,2)) -> 20 | L91: 1 | M91: 1 | N91: 1 | O91: =IF(COUNT($L91:$N91)=0,"",SUM($L91:$N91)) -> 3 | P91: =IF(ISERROR(IF($O91="","",ROUND(($O91/$O$10)*$P$10,2))),"",IF($O91="","",ROUND(($O91/$O$10)*$P$10,2))) -> 100 | Q91: =IF($P91="","",ROUND($P91*$Q$10,2)) -> 80 | R91: 1 | S91: 1 | T91: 1 | U91: =IF(COUNT($R91:$T91)=0,"",SUM($R91:$T91)) -> 3 | V91: =IF(ISERROR(IF($U91="","",ROUND(($U91/$U$10)*$V$10,2))),"",IF($U91="","",ROUND(($U91/$U$10)*$V$10,2))) -> 100 | W91: =IF($V91="","",ROUND($V91*$W$10,2)) -> 20 | X91: =IF(ISERROR(IF($T91="","",ROUND(SUM($K91,$Q91,$W91),2))),"",IF($T91="","",ROUND(SUM($K91,$Q91,$W91),2))) -> 120 | Y91: =IF(ISERROR(IF($T91="","",VLOOKUP(X91,NewTransmu,4,TRUE))),"",IF($T91="","",VLOOKUP(X91,NewTransmu,4,TRUE))) -> 100 | Z91: =IF(ISERROR(IF(Y91="","",VLOOKUP(Y91,DESCRIPTORS,4,TRUE))),"",IF(Y91="","",VLOOKUP(Y91,DESCRIPTORS,4,TRUE))) -> Advancing | AT91: =(R91/$R$10)*100 -> 100 | AU91: =(S91/$S$10)*100 -> 100 | AV91: =(T91/$T$10)*100 -> 100
A92: =INPUT!A90 -> 0 | B92: =INPUT!B90 -> 0 | C92: =INPUT!C90 -> 0 | I92: =IF(COUNT($D92:$H92)=0,"",SUM($D92:$H92)) | J92: =IF(ISERROR(IF($I92="","",ROUND(($I92/$I$10)*$J$10,2))),"",IF($I92="","",ROUND(($I92/$I$10)*$J$10,2))) | K92: =IF($J92="","",ROUND($J92*$K$10,2)) | O92: =IF(COUNT($L92:$N92)=0,"",SUM($L92:$N92)) | P92: =IF(ISERROR(IF($O92="","",ROUND(($O92/$O$10)*$P$10,2))),"",IF($O92="","",ROUND(($O92/$O$10)*$P$10,2))) | Q92: =IF($P92="","",ROUND($P92*$Q$10,2)) | U92: =IF(COUNT($R92:$T92)=0,"",SUM($R92:$T92)) | V92: =IF(ISERROR(IF($U92="","",ROUND(($U92/$U$10)*$V$10,2))),"",IF($U92="","",ROUND(($U92/$U$10)*$V$10,2))) | W92: =IF($V92="","",ROUND($V92*$W$10,2)) | X92: =IF(ISERROR(IF($T92="","",ROUND(SUM($K92,$Q92,$W92),2))),"",IF($T92="","",ROUND(SUM($K92,$Q92,$W92),2))) | Y92: =IF(ISERROR(IF($T92="","",VLOOKUP(X92,NewTransmu,4,TRUE))),"",IF($T92="","",VLOOKUP(X92,NewTransmu,4,TRUE))) | Z92: =IF(ISERROR(IF(Y92="","",VLOOKUP(Y92,DESCRIPTORS,4,TRUE))),"",IF(Y92="","",VLOOKUP(Y92,DESCRIPTORS,4,TRUE))) | AT92: =(R92/$R$10)*100 -> 0 | AU92: =(S92/$S$10)*100 -> 0 | AV92: =(T92/$T$10)*100 -> 0
A93: =INPUT!A91 -> 0 | B93: =INPUT!B91 -> 0 | C93: =INPUT!C91 -> 0 | I93: =IF(COUNT($D93:$H93)=0,"",SUM($D93:$H93)) | J93: =IF(ISERROR(IF($I93="","",ROUND(($I93/$I$10)*$J$10,2))),"",IF($I93="","",ROUND(($I93/$I$10)*$J$10,2))) | K93: =IF($J93="","",ROUND($J93*$K$10,2)) | O93: =IF(COUNT($L93:$N93)=0,"",SUM($L93:$N93)) | P93: =IF(ISERROR(IF($O93="","",ROUND(($O93/$O$10)*$P$10,2))),"",IF($O93="","",ROUND(($O93/$O$10)*$P$10,2))) | Q93: =IF($P93="","",ROUND($P93*$Q$10,2)) | U93: =IF(COUNT($R93:$T93)=0,"",SUM($R93:$T93)) | V93: =IF(ISERROR(IF($U93="","",ROUND(($U93/$U$10)*$V$10,2))),"",IF($U93="","",ROUND(($U93/$U$10)*$V$10,2))) | W93: =IF($V93="","",ROUND($V93*$W$10,2)) | X93: =IF(ISERROR(IF($T93="","",ROUND(SUM($K93,$Q93,$W93),2))),"",IF($T93="","",ROUND(SUM($K93,$Q93,$W93),2))) | Y93: =IF(ISERROR(IF($T93="","",VLOOKUP(X93,NewTransmu,4,TRUE))),"",IF($T93="","",VLOOKUP(X93,NewTransmu,4,TRUE))) | Z93: =IF(ISERROR(IF(Y93="","",VLOOKUP(Y93,DESCRIPTORS,4,TRUE))),"",IF(Y93="","",VLOOKUP(Y93,DESCRIPTORS,4,TRUE))) | AT93: =(R93/$R$10)*100 -> 0 | AU93: =(S93/$S$10)*100 -> 0 | AV93: =(T93/$T$10)*100 -> 0
A94: =INPUT!A92 -> 0 | B94: =INPUT!B92 -> 0 | C94: =INPUT!C92 -> 0 | I94: =IF(COUNT($D94:$H94)=0,"",SUM($D94:$H94)) | J94: =IF(ISERROR(IF($I94="","",ROUND(($I94/$I$10)*$J$10,2))),"",IF($I94="","",ROUND(($I94/$I$10)*$J$10,2))) | K94: =IF($J94="","",ROUND($J94*$K$10,2)) | O94: =IF(COUNT($L94:$N94)=0,"",SUM($L94:$N94)) | P94: =IF(ISERROR(IF($O94="","",ROUND(($O94/$O$10)*$P$10,2))),"",IF($O94="","",ROUND(($O94/$O$10)*$P$10,2))) | Q94: =IF($P94="","",ROUND($P94*$Q$10,2)) | U94: =IF(COUNT($R94:$T94)=0,"",SUM($R94:$T94)) | V94: =IF(ISERROR(IF($U94="","",ROUND(($U94/$U$10)*$V$10,2))),"",IF($U94="","",ROUND(($U94/$U$10)*$V$10,2))) | W94: =IF($V94="","",ROUND($V94*$W$10,2)) | X94: =IF(ISERROR(IF($T94="","",ROUND(SUM($K94,$Q94,$W94),2))),"",IF($T94="","",ROUND(SUM($K94,$Q94,$W94),2))) | Y94: =IF(ISERROR(IF($T94="","",VLOOKUP(X94,NewTransmu,4,TRUE))),"",IF($T94="","",VLOOKUP(X94,NewTransmu,4,TRUE))) | Z94: =IF(ISERROR(IF(Y94="","",VLOOKUP(Y94,DESCRIPTORS,4,TRUE))),"",IF(Y94="","",VLOOKUP(Y94,DESCRIPTORS,4,TRUE))) | AT94: =(R94/$R$10)*100 -> 0 | AU94: =(S94/$S$10)*100 -> 0 | AV94: =(T94/$T$10)*100 -> 0
A95: =INPUT!A93 -> 0 | B95: =INPUT!B93 -> 0 | C95: =INPUT!C93 -> 0 | I95: =IF(COUNT($D95:$H95)=0,"",SUM($D95:$H95)) | J95: =IF(ISERROR(IF($I95="","",ROUND(($I95/$I$10)*$J$10,2))),"",IF($I95="","",ROUND(($I95/$I$10)*$J$10,2))) | K95: =IF($J95="","",ROUND($J95*$K$10,2)) | O95: =IF(COUNT($L95:$N95)=0,"",SUM($L95:$N95)) | P95: =IF(ISERROR(IF($O95="","",ROUND(($O95/$O$10)*$P$10,2))),"",IF($O95="","",ROUND(($O95/$O$10)*$P$10,2))) | Q95: =IF($P95="","",ROUND($P95*$Q$10,2)) | U95: =IF(COUNT($R95:$T95)=0,"",SUM($R95:$T95)) | V95: =IF(ISERROR(IF($U95="","",ROUND(($U95/$U$10)*$V$10,2))),"",IF($U95="","",ROUND(($U95/$U$10)*$V$10,2))) | W95: =IF($V95="","",ROUND($V95*$W$10,2)) | X95: =IF(ISERROR(IF($T95="","",ROUND(SUM($K95,$Q95,$W95),2))),"",IF($T95="","",ROUND(SUM($K95,$Q95,$W95),2))) | Y95: =IF(ISERROR(IF($T95="","",VLOOKUP(X95,NewTransmu,4,TRUE))),"",IF($T95="","",VLOOKUP(X95,NewTransmu,4,TRUE))) | Z95: =IF(ISERROR(IF(Y95="","",VLOOKUP(Y95,DESCRIPTORS,4,TRUE))),"",IF(Y95="","",VLOOKUP(Y95,DESCRIPTORS,4,TRUE))) | AT95: =(R95/$R$10)*100 -> 0 | AU95: =(S95/$S$10)*100 -> 0 | AV95: =(T95/$T$10)*100 -> 0
A96: =INPUT!A94 -> 0 | B96: =INPUT!B94 -> 0 | C96: =INPUT!C94 -> 0 | I96: =IF(COUNT($D96:$H96)=0,"",SUM($D96:$H96)) | J96: =IF(ISERROR(IF($I96="","",ROUND(($I96/$I$10)*$J$10,2))),"",IF($I96="","",ROUND(($I96/$I$10)*$J$10,2))) | K96: =IF($J96="","",ROUND($J96*$K$10,2)) | O96: =IF(COUNT($L96:$N96)=0,"",SUM($L96:$N96)) | P96: =IF(ISERROR(IF($O96="","",ROUND(($O96/$O$10)*$P$10,2))),"",IF($O96="","",ROUND(($O96/$O$10)*$P$10,2))) | Q96: =IF($P96="","",ROUND($P96*$Q$10,2)) | U96: =IF(COUNT($R96:$T96)=0,"",SUM($R96:$T96)) | V96: =IF(ISERROR(IF($U96="","",ROUND(($U96/$U$10)*$V$10,2))),"",IF($U96="","",ROUND(($U96/$U$10)*$V$10,2))) | W96: =IF($V96="","",ROUND($V96*$W$10,2)) | X96: =IF(ISERROR(IF($T96="","",ROUND(SUM($K96,$Q96,$W96),2))),"",IF($T96="","",ROUND(SUM($K96,$Q96,$W96),2))) | Y96: =IF(ISERROR(IF($T96="","",VLOOKUP(X96,NewTransmu,4,TRUE))),"",IF($T96="","",VLOOKUP(X96,NewTransmu,4,TRUE))) | Z96: =IF(ISERROR(IF(Y96="","",VLOOKUP(Y96,DESCRIPTORS,4,TRUE))),"",IF(Y96="","",VLOOKUP(Y96,DESCRIPTORS,4,TRUE))) | AT96: =(R96/$R$10)*100 -> 0 | AU96: =(S96/$S$10)*100 -> 0 | AV96: =(T96/$T$10)*100 -> 0
A97: =INPUT!A95 -> 0 | B97: =INPUT!B95 -> 0 | C97: =INPUT!C95 -> 0 | I97: =IF(COUNT($D97:$H97)=0,"",SUM($D97:$H97)) | J97: =IF(ISERROR(IF($I97="","",ROUND(($I97/$I$10)*$J$10,2))),"",IF($I97="","",ROUND(($I97/$I$10)*$J$10,2))) | K97: =IF($J97="","",ROUND($J97*$K$10,2)) | O97: =IF(COUNT($L97:$N97)=0,"",SUM($L97:$N97)) | P97: =IF(ISERROR(IF($O97="","",ROUND(($O97/$O$10)*$P$10,2))),"",IF($O97="","",ROUND(($O97/$O$10)*$P$10,2))) | Q97: =IF($P97="","",ROUND($P97*$Q$10,2)) | U97: =IF(COUNT($R97:$T97)=0,"",SUM($R97:$T97)) | V97: =IF(ISERROR(IF($U97="","",ROUND(($U97/$U$10)*$V$10,2))),"",IF($U97="","",ROUND(($U97/$U$10)*$V$10,2))) | W97: =IF($V97="","",ROUND($V97*$W$10,2)) | X97: =IF(ISERROR(IF($T97="","",ROUND(SUM($K97,$Q97,$W97),2))),"",IF($T97="","",ROUND(SUM($K97,$Q97,$W97),2))) | Y97: =IF(ISERROR(IF($T97="","",VLOOKUP(X97,NewTransmu,4,TRUE))),"",IF($T97="","",VLOOKUP(X97,NewTransmu,4,TRUE))) | Z97: =IF(ISERROR(IF(Y97="","",VLOOKUP(Y97,DESCRIPTORS,4,TRUE))),"",IF(Y97="","",VLOOKUP(Y97,DESCRIPTORS,4,TRUE))) | AT97: =(R97/$R$10)*100 -> 0 | AU97: =(S97/$S$10)*100 -> 0 | AV97: =(T97/$T$10)*100 -> 0
A98: =INPUT!A96 -> 0 | B98: =INPUT!B96 -> 0 | C98: =INPUT!C96 -> 0 | I98: =IF(COUNT($D98:$H98)=0,"",SUM($D98:$H98)) | J98: =IF(ISERROR(IF($I98="","",ROUND(($I98/$I$10)*$J$10,2))),"",IF($I98="","",ROUND(($I98/$I$10)*$J$10,2))) | K98: =IF($J98="","",ROUND($J98*$K$10,2)) | O98: =IF(COUNT($L98:$N98)=0,"",SUM($L98:$N98)) | P98: =IF(ISERROR(IF($O98="","",ROUND(($O98/$O$10)*$P$10,2))),"",IF($O98="","",ROUND(($O98/$O$10)*$P$10,2))) | Q98: =IF($P98="","",ROUND($P98*$Q$10,2)) | U98: =IF(COUNT($R98:$T98)=0,"",SUM($R98:$T98)) | V98: =IF(ISERROR(IF($U98="","",ROUND(($U98/$U$10)*$V$10,2))),"",IF($U98="","",ROUND(($U98/$U$10)*$V$10,2))) | W98: =IF($V98="","",ROUND($V98*$W$10,2)) | X98: =IF(ISERROR(IF($T98="","",ROUND(SUM($K98,$Q98,$W98),2))),"",IF($T98="","",ROUND(SUM($K98,$Q98,$W98),2))) | Y98: =IF(ISERROR(IF($T98="","",VLOOKUP(X98,NewTransmu,4,TRUE))),"",IF($T98="","",VLOOKUP(X98,NewTransmu,4,TRUE))) | Z98: =IF(ISERROR(IF(Y98="","",VLOOKUP(Y98,DESCRIPTORS,4,TRUE))),"",IF(Y98="","",VLOOKUP(Y98,DESCRIPTORS,4,TRUE))) | AT98: =(R98/$R$10)*100 -> 0 | AU98: =(S98/$S$10)*100 -> 0 | AV98: =(T98/$T$10)*100 -> 0
A99: =INPUT!A97 -> 0 | B99: =INPUT!B97 -> 0 | C99: =INPUT!C97 -> 0 | I99: =IF(COUNT($D99:$H99)=0,"",SUM($D99:$H99)) | J99: =IF(ISERROR(IF($I99="","",ROUND(($I99/$I$10)*$J$10,2))),"",IF($I99="","",ROUND(($I99/$I$10)*$J$10,2))) | K99: =IF($J99="","",ROUND($J99*$K$10,2)) | O99: =IF(COUNT($L99:$N99)=0,"",SUM($L99:$N99)) | P99: =IF(ISERROR(IF($O99="","",ROUND(($O99/$O$10)*$P$10,2))),"",IF($O99="","",ROUND(($O99/$O$10)*$P$10,2))) | Q99: =IF($P99="","",ROUND($P99*$Q$10,2)) | U99: =IF(COUNT($R99:$T99)=0,"",SUM($R99:$T99)) | V99: =IF(ISERROR(IF($U99="","",ROUND(($U99/$U$10)*$V$10,2))),"",IF($U99="","",ROUND(($U99/$U$10)*$V$10,2))) | W99: =IF($V99="","",ROUND($V99*$W$10,2)) | X99: =IF(ISERROR(IF($T99="","",ROUND(SUM($K99,$Q99,$W99),2))),"",IF($T99="","",ROUND(SUM($K99,$Q99,$W99),2))) | Y99: =IF(ISERROR(IF($T99="","",VLOOKUP(X99,NewTransmu,4,TRUE))),"",IF($T99="","",VLOOKUP(X99,NewTransmu,4,TRUE))) | Z99: =IF(ISERROR(IF(Y99="","",VLOOKUP(Y99,DESCRIPTORS,4,TRUE))),"",IF(Y99="","",VLOOKUP(Y99,DESCRIPTORS,4,TRUE))) | AT99: =(R99/$R$10)*100 -> 0 | AU99: =(S99/$S$10)*100 -> 0 | AV99: =(T99/$T$10)*100 -> 0
A100: =INPUT!A98 -> 0 | B100: =INPUT!B98 -> 0 | C100: =INPUT!C98 -> 0 | I100: =IF(COUNT($D100:$H100)=0,"",SUM($D100:$H100)) | J100: =IF(ISERROR(IF($I100="","",ROUND(($I100/$I$10)*$J$10,2))),"",IF($I100="","",ROUND(($I100/$I$10)*$J$10,2))) | K100: =IF($J100="","",ROUND($J100*$K$10,2)) | O100: =IF(COUNT($L100:$N100)=0,"",SUM($L100:$N100)) | P100: =IF(ISERROR(IF($O100="","",ROUND(($O100/$O$10)*$P$10,2))),"",IF($O100="","",ROUND(($O100/$O$10)*$P$10,2))) | Q100: =IF($P100="","",ROUND($P100*$Q$10,2)) | U100: =IF(COUNT($R100:$T100)=0,"",SUM($R100:$T100)) | V100: =IF(ISERROR(IF($U100="","",ROUND(($U100/$U$10)*$V$10,2))),"",IF($U100="","",ROUND(($U100/$U$10)*$V$10,2))) | W100: =IF($V100="","",ROUND($V100*$W$10,2)) | X100: =IF(ISERROR(IF($T100="","",ROUND(SUM($K100,$Q100,$W100),2))),"",IF($T100="","",ROUND(SUM($K100,$Q100,$W100),2))) | Y100: =IF(ISERROR(IF($T100="","",VLOOKUP(X100,NewTransmu,4,TRUE))),"",IF($T100="","",VLOOKUP(X100,NewTransmu,4,TRUE))) | Z100: =IF(ISERROR(IF(Y100="","",VLOOKUP(Y100,DESCRIPTORS,4,TRUE))),"",IF(Y100="","",VLOOKUP(Y100,DESCRIPTORS,4,TRUE))) | AT100: =(R100/$R$10)*100 -> 0 | AU100: =(S100/$S$10)*100 -> 0 | AV100: =(T100/$T$10)*100 -> 0
A101: =INPUT!A99 -> 0 | B101: =INPUT!B99 -> 0 | C101: =INPUT!C99 -> 0 | I101: =IF(COUNT($D101:$H101)=0,"",SUM($D101:$H101)) | J101: =IF(ISERROR(IF($I101="","",ROUND(($I101/$I$10)*$J$10,2))),"",IF($I101="","",ROUND(($I101/$I$10)*$J$10,2))) | K101: =IF($J101="","",ROUND($J101*$K$10,2)) | O101: =IF(COUNT($L101:$N101)=0,"",SUM($L101:$N101)) | P101: =IF(ISERROR(IF($O101="","",ROUND(($O101/$O$10)*$P$10,2))),"",IF($O101="","",ROUND(($O101/$O$10)*$P$10,2))) | Q101: =IF($P101="","",ROUND($P101*$Q$10,2)) | U101: =IF(COUNT($R101:$T101)=0,"",SUM($R101:$T101)) | V101: =IF(ISERROR(IF($U101="","",ROUND(($U101/$U$10)*$V$10,2))),"",IF($U101="","",ROUND(($U101/$U$10)*$V$10,2))) | W101: =IF($V101="","",ROUND($V101*$W$10,2)) | X101: =IF(ISERROR(IF($T101="","",ROUND(SUM($K101,$Q101,$W101),2))),"",IF($T101="","",ROUND(SUM($K101,$Q101,$W101),2))) | Y101: =IF(ISERROR(IF($T101="","",VLOOKUP(X101,NewTransmu,4,TRUE))),"",IF($T101="","",VLOOKUP(X101,NewTransmu,4,TRUE))) | Z101: =IF(ISERROR(IF(Y101="","",VLOOKUP(Y101,DESCRIPTORS,4,TRUE))),"",IF(Y101="","",VLOOKUP(Y101,DESCRIPTORS,4,TRUE))) | AT101: =(R101/$R$10)*100 -> 0 | AU101: =(S101/$S$10)*100 -> 0 | AV101: =(T101/$T$10)*100 -> 0
A102: =INPUT!A100 -> 0 | B102: =INPUT!B100 -> 0 | C102: =INPUT!C100 -> 0 | I102: =IF(COUNT($D102:$H102)=0,"",SUM($D102:$H102)) | J102: =IF(ISERROR(IF($I102="","",ROUND(($I102/$I$10)*$J$10,2))),"",IF($I102="","",ROUND(($I102/$I$10)*$J$10,2))) | K102: =IF($J102="","",ROUND($J102*$K$10,2)) | O102: =IF(COUNT($L102:$N102)=0,"",SUM($L102:$N102)) | P102: =IF(ISERROR(IF($O102="","",ROUND(($O102/$O$10)*$P$10,2))),"",IF($O102="","",ROUND(($O102/$O$10)*$P$10,2))) | Q102: =IF($P102="","",ROUND($P102*$Q$10,2)) | U102: =IF(COUNT($R102:$T102)=0,"",SUM($R102:$T102)) | V102: =IF(ISERROR(IF($U102="","",ROUND(($U102/$U$10)*$V$10,2))),"",IF($U102="","",ROUND(($U102/$U$10)*$V$10,2))) | W102: =IF($V102="","",ROUND($V102*$W$10,2)) | X102: =IF(ISERROR(IF($T102="","",ROUND(SUM($K102,$Q102,$W102),2))),"",IF($T102="","",ROUND(SUM($K102,$Q102,$W102),2))) | Y102: =IF(ISERROR(IF($T102="","",VLOOKUP(X102,NewTransmu,4,TRUE))),"",IF($T102="","",VLOOKUP(X102,NewTransmu,4,TRUE))) | Z102: =IF(ISERROR(IF(Y102="","",VLOOKUP(Y102,DESCRIPTORS,4,TRUE))),"",IF(Y102="","",VLOOKUP(Y102,DESCRIPTORS,4,TRUE))) | AT102: =(R102/$R$10)*100 -> 0 | AU102: =(S102/$S$10)*100 -> 0 | AV102: =(T102/$T$10)*100 -> 0
A103: =INPUT!A101 -> 0 | B103: =INPUT!B101 -> 0 | C103: =INPUT!C101 -> 0 | I103: =IF(COUNT($D103:$H103)=0,"",SUM($D103:$H103)) | J103: =IF(ISERROR(IF($I103="","",ROUND(($I103/$I$10)*$J$10,2))),"",IF($I103="","",ROUND(($I103/$I$10)*$J$10,2))) | K103: =IF($J103="","",ROUND($J103*$K$10,2)) | O103: =IF(COUNT($L103:$N103)=0,"",SUM($L103:$N103)) | P103: =IF(ISERROR(IF($O103="","",ROUND(($O103/$O$10)*$P$10,2))),"",IF($O103="","",ROUND(($O103/$O$10)*$P$10,2))) | Q103: =IF($P103="","",ROUND($P103*$Q$10,2)) | U103: =IF(COUNT($R103:$T103)=0,"",SUM($R103:$T103)) | V103: =IF(ISERROR(IF($U103="","",ROUND(($U103/$U$10)*$V$10,2))),"",IF($U103="","",ROUND(($U103/$U$10)*$V$10,2))) | W103: =IF($V103="","",ROUND($V103*$W$10,2)) | X103: =IF(ISERROR(IF($T103="","",ROUND(SUM($K103,$Q103,$W103),2))),"",IF($T103="","",ROUND(SUM($K103,$Q103,$W103),2))) | Y103: =IF(ISERROR(IF($T103="","",VLOOKUP(X103,NewTransmu,4,TRUE))),"",IF($T103="","",VLOOKUP(X103,NewTransmu,4,TRUE))) | Z103: =IF(ISERROR(IF(Y103="","",VLOOKUP(Y103,DESCRIPTORS,4,TRUE))),"",IF(Y103="","",VLOOKUP(Y103,DESCRIPTORS,4,TRUE))) | AT103: =(R103/$R$10)*100 -> 0 | AU103: =(S103/$S$10)*100 -> 0 | AV103: =(T103/$T$10)*100 -> 0
... A113: =INPUT!A111 -> 0 | B113: =INPUT!B111 -> 0 | C113: =INPUT!C111 -> 0 | I113: =IF(COUNT($D113:$H113)=0,"",SUM($D113:$H113)) | J113: =IF(ISERROR(IF($I113="","",ROUND(($I113/$I$10)*$J$10,2))),"",IF($I113="","",ROUND(($I113/$I$10)*$J$10,2))) | K113: =IF($J113="","",ROUND($J113*$K$10,2)) | O113: =IF(COUNT($L113:$N113)=0,"",SUM($L113:$N113)) | P113: =IF(ISERROR(IF($O113="","",ROUND(($O113/$O$10)*$P$10,2))),"",IF($O113="","",ROUND(($O113/$O$10)*$P$10,2))) | Q113: =IF($P113="","",ROUND($P113*$Q$10,2)) | U113: =IF(COUNT($R113:$T113)=0,"",SUM($R113:$T113)) | V113: =IF(ISERROR(IF($U113="","",ROUND(($U113/$U$10)*$V$10,2))),"",IF($U113="","",ROUND(($U113/$U$10)*$V$10,2))) | W113: =IF($V113="","",ROUND($V113*$W$10,2)) | X113: =IF(ISERROR(IF($T113="","",ROUND(SUM($K113,$Q113,$W113),2))),"",IF($T113="","",ROUND(SUM($K113,$Q113,$W113),2))) | Y113: =IF(ISERROR(IF($T113="","",VLOOKUP(X113,NewTransmu,4,TRUE))),"",IF($T113="","",VLOOKUP(X113,NewTransmu,4,TRUE))) | Z113: =IF(ISERROR(IF(Y113="","",VLOOKUP(Y113,DESCRIPTORS,4,TRUE))),"",IF(Y113="","",VLOOKUP(Y113,DESCRIPTORS,4,TRUE))) | AT113: =(R113/$R$10)*100 -> 0 | AU113: =(S113/$S$10)*100 -> 0 | AV113: =(T113/$T$10)*100 -> 0
I114: =IF(COUNT($D114:$H114)=0,"",SUM($D114:$H114)) | J114: =IF(ISERROR(IF($I114="","",ROUND(($I114/$I$10)*$J$10,2))),"",IF($I114="","",ROUND(($I114/$I$10)*$J$10,2))) | K114: =IF($J114="","",ROUND($J114*$K$10,2)) | O114: =IF(COUNT($L114:$N114)=0,"",SUM($L114:$N114)) | P114: =IF(ISERROR(IF($O114="","",ROUND(($O114/$O$10)*$P$10,2))),"",IF($O114="","",ROUND(($O114/$O$10)*$P$10,2))) | Q114: =IF($P114="","",ROUND($P114*$Q$10,2)) | U114: =IF(COUNT($R114:$T114)=0,"",SUM($R114:$T114)) | V114: =IF(ISERROR(IF($U114="","",ROUND(($U114/$U$10)*$V$10,2))),"",IF($U114="","",ROUND(($U114/$U$10)*$V$10,2))) | W114: =IF($V114="","",ROUND($V114*$W$10,2)) | X114: =IF(ISERROR(IF($T114="","",ROUND(SUM($K114,$Q114,$W114),2))),"",IF($T114="","",ROUND(SUM($K114,$Q114,$W114),2))) | Y114: =IF(ISERROR(IF($T114="","",VLOOKUP(X114,NewTransmu,4,TRUE))),"",IF($T114="","",VLOOKUP(X114,NewTransmu,4,TRUE))) | Z114: =IF(ISERROR(IF(Y114="","",VLOOKUP(Y114,DESCRIPTORS,4,TRUE))),"",IF(Y114="","",VLOOKUP(Y114,DESCRIPTORS,4,TRUE))) | AT114: =(R114/$R$10)*100 -> 0 | AU114: =(S114/$S$10)*100 -> 0 | AV114: =(T114/$T$10)*100 -> 0
I115: =IF(COUNT($D115:$H115)=0,"",SUM($D115:$H115)) | J115: =IF(ISERROR(IF($I115="","",ROUND(($I115/$I$10)*$J$10,2))),"",IF($I115="","",ROUND(($I115/$I$10)*$J$10,2))) | K115: =IF($J115="","",ROUND($J115*$K$10,2)) | O115: =IF(COUNT($L115:$N115)=0,"",SUM($L115:$N115)) | P115: =IF(ISERROR(IF($O115="","",ROUND(($O115/$O$10)*$P$10,2))),"",IF($O115="","",ROUND(($O115/$O$10)*$P$10,2))) | Q115: =IF($P115="","",ROUND($P115*$Q$10,2)) | U115: =IF(COUNT($R115:$T115)=0,"",SUM($R115:$T115)) | V115: =IF(ISERROR(IF($U115="","",ROUND(($U115/$U$10)*$V$10,2))),"",IF($U115="","",ROUND(($U115/$U$10)*$V$10,2))) | W115: =IF($V115="","",ROUND($V115*$W$10,2)) | X115: =IF(ISERROR(IF($T115="","",ROUND(SUM($K115,$Q115,$W115),2))),"",IF($T115="","",ROUND(SUM($K115,$Q115,$W115),2))) | Y115: =IF(ISERROR(IF($T115="","",VLOOKUP(X115,NewTransmu,4,TRUE))),"",IF($T115="","",VLOOKUP(X115,NewTransmu,4,TRUE))) | Z115: =IF(ISERROR(IF(Y115="","",VLOOKUP(Y115,DESCRIPTORS,4,TRUE))),"",IF(Y115="","",VLOOKUP(Y115,DESCRIPTORS,4,TRUE))) | AT115: =(R115/$R$10)*100 -> 0 | AU115: =(S115/$S$10)*100 -> 0 | AV115: =(T115/$T$10)*100 -> 0
A116: {end_girls_numbering} | B116: {girls_end_id} | C116: {end_girls} | I116: =IF(COUNT($D116:$H116)=0,"",SUM($D116:$H116)) | J116: =IF(ISERROR(IF($I116="","",ROUND(($I116/$I$10)*$J$10,2))),"",IF($I116="","",ROUND(($I116/$I$10)*$J$10,2))) | K116: =IF($J116="","",ROUND($J116*$K$10,2)) | O116: =IF(COUNT($L116:$N116)=0,"",SUM($L116:$N116)) | P116: =IF(ISERROR(IF($O116="","",ROUND(($O116/$O$10)*$P$10,2))),"",IF($O116="","",ROUND(($O116/$O$10)*$P$10,2))) | Q116: =IF($P116="","",ROUND($P116*$Q$10,2)) | U116: =IF(COUNT($R116:$T116)=0,"",SUM($R116:$T116)) | V116: =IF(ISERROR(IF($U116="","",ROUND(($U116/$U$10)*$V$10,2))),"",IF($U116="","",ROUND(($U116/$U$10)*$V$10,2))) | W116: =IF($V116="","",ROUND($V116*$W$10,2)) | X116: =IF(ISERROR(IF($T116="","",ROUND(SUM($K116,$Q116,$W116),2))),"",IF($T116="","",ROUND(SUM($K116,$Q116,$W116),2))) | Y116: =IF(ISERROR(IF($T116="","",VLOOKUP(X116,NewTransmu,4,TRUE))),"",IF($T116="","",VLOOKUP(X116,NewTransmu,4,TRUE))) | Z116: =IF(ISERROR(IF(Y116="","",VLOOKUP(Y116,DESCRIPTORS,4,TRUE))),"",IF(Y116="","",VLOOKUP(Y116,DESCRIPTORS,4,TRUE))) | AT116: =(R116/$R$10)*100 -> 0 | AU116: =(S116/$S$10)*100 -> 0 | AV116: =(T116/$T$10)*100 -> 0

Sheet TERM2
A1: Class Record
C4: REGION | D4: =INPUT!H4 -> 10 | F4: DIVISION | I4: =INPUT!M4 -> CDO
C5: SCHOOL NAME | D5: =INPUT!H5 -> Bridgette School Management System | N5: SCHOOL ID | P5: =INPUT!T5 -> 405198 | S5: SCHOOL YEAR | W5: =INPUT!Z5 -> {school_year}
A7: TERM 2 | D7: GRADE & SECTION: | I7: =INPUT!K7 -> Grade 8 Diamond | L7: TEACHER: | O7: =INPUT!R7 -> Abueva, Apple Joy Middle Name | R7: SUBJECT: | U7: =INPUT!Z7 -> Science 8
B8: ID NO. | C8: LEARNERS' NAMES | D8: =INPUT!AD7 & " (" & TEXT(INPUT!AL7, "0%") & ")" -> WRITTEN / ORAL WORKS (20%) | L8: =INPUT!AD8 & " (" & TEXT(INPUT!AL8, "0%") & ")" -> PRODUCT / PERFORMANCE TASKS (80%) | R8: =INPUT!AD9 & " (" & TEXT(INPUT!AL9, "0%") & ")" -> PLACEHOLDER (20%) | X8: Initial Grade | Y8: Term Grade | Z8: DESCRIPTOR
D9: 1 | E9: 2 | F9: 3 | G9: 4 | H9: 5 | I9: Total | J9: PS | K9: WS | L9: 1 | M9: 2 | N9: 3 | O9: Total | P9: PS | Q9: WS | R9: EE1 | S9: EE2 | T9: TFE | U9: Total | V9: PS | W9: WS
A10: HIGHEST POSSIBLE SCORE | I10: =IF(COUNT($D10:$H10)=0,"",SUM($D10:$H10)) | J10: 100 | K10: =INPUT!AL7 -> 0.2 | O10: =IF(COUNT($L10:$N10)=0,"",SUM($L10:$N10)) | P10: 100 | Q10: =INPUT!AL8 -> 0.8 | U10: =IF(COUNT($R10:$T10=0),"",SUM($R10:$T10)) -> 0 | V10: 100 | W10: =INPUT!AL9 -> 0.2
B11: MALE
A12: {start_boys_numbering} | B12: {boys_start_id} | C12: {start_boys} | D12: {ww} | E12: {ww} | F12: {ww} | G12: {ww} | H12: {ww} | I12: {wwt} | J12: {wwps} | K12: {wwws} | L12: {pt} | M12: {pt} | N12: {pt} | O12: {ptt} | P12: {ptps} | Q12: {ptws} | R12: {ee1} | S12: {ee2} | T12: {tfe} | U12: {qa} | V12: {qaps} | W12: {qaws} | X12: {ini-grade} | Y12: {grade} | Z12: {descriptor}
A13: =INPUT!A12 -> 1 | B13: =INPUT!B12 -> 2022-00001 | C13: =INPUT!C12 -> Ando, Ryanjel | I13: =IF(COUNT($D13:$H13)=0,"",SUM($D13:$H13)) | J13: =IF(ISERROR(IF($I13="","",ROUND(($I13/$I$10)*$J$10,2))),"",IF($I13="","",ROUND(($I13/$I$10)*$J$10,2))) | K13: =IF($J13="","",ROUND($J13*$K$10,2)) | O13: =IF(COUNT($L13:$N13)=0,"",SUM($L13:$N13)) | P13: =IF(ISERROR(IF($O13="","",ROUND(($O13/$O$10)*$P$10,2))),"",IF($O13="","",ROUND(($O13/$O$10)*$P$10,2))) | Q13: =IF($P13="","",ROUND($P13*$Q$10,2)) | U13: =IF(COUNT($R13:$T13)=0,"",SUM($R13:$T13)) | V13: =IF(ISERROR(IF($U13="","",ROUND(($U13/$U$10)*$V$10,2))),"",IF($U13="","",ROUND(($U13/$U$10)*$V$10,2))) | W13: =IF($V13="","",ROUND($V13*$W$10,2)) | X13: =IF(ISERROR(IF($U13="","",ROUND(SUM($K13,$Q13,$W13),2))),"",IF($U13="","",ROUND(SUM($K13,$Q13,$W13),2))) | Y13: =IF(ISERROR(IF($U13="","",VLOOKUP(X13,NewTransmu,4,TRUE))),"",IF($U13="","",VLOOKUP(X13,NewTransmu,4,TRUE))) | Z13: =IF(ISERROR(IF(Y13="","",VLOOKUP(Y13,DESCRIPTORS,4,TRUE))),"",IF(Y13="","",VLOOKUP(Y13,DESCRIPTORS,4,TRUE))) | AT13: =(R13/$R$10)*100 -> #DIV/0! | AU13: =(S13/$S$10)*100 -> #DIV/0! | AV13: =(T13/$T$10)*100 -> #DIV/0!
A14: =INPUT!A13 -> 2 | B14: =INPUT!B13 -> 2022-00044 | C14: =INPUT!C13 -> Arante, Cobe Mc Daniel | I14: =IF(COUNT($D14:$H14)=0,"",SUM($D14:$H14)) | J14: =IF(ISERROR(IF($I14="","",ROUND(($I14/$I$10)*$J$10,2))),"",IF($I14="","",ROUND(($I14/$I$10)*$J$10,2))) | K14: =IF($J14="","",ROUND($J14*$K$10,2)) | O14: =IF(COUNT($L14:$N14)=0,"",SUM($L14:$N14)) | P14: =IF(ISERROR(IF($O14="","",ROUND(($O14/$O$10)*$P$10,2))),"",IF($O14="","",ROUND(($O14/$O$10)*$P$10,2))) | Q14: =IF($P14="","",ROUND($P14*$Q$10,2)) | U14: =IF(COUNT($R14:$T14)=0,"",SUM($R14:$T14)) | V14: =IF(ISERROR(IF($U14="","",ROUND(($U14/$U$10)*$V$10,2))),"",IF($U14="","",ROUND(($U14/$U$10)*$V$10,2))) | W14: =IF($V14="","",ROUND($V14*$W$10,2)) | X14: =IF(ISERROR(IF($T14="","",ROUND(SUM($K14,$Q14,$W14),2))),"",IF($T14="","",ROUND(SUM($K14,$Q14,$W14),2))) | Y14: =IF(ISERROR(IF($T14="","",VLOOKUP(X14,NewTransmu,4,TRUE))),"",IF($T14="","",VLOOKUP(X14,NewTransmu,4,TRUE))) | Z14: =IF(ISERROR(IF(Y14="","",VLOOKUP(Y14,DESCRIPTORS,4,TRUE))),"",IF(Y14="","",VLOOKUP(Y14,DESCRIPTORS,4,TRUE))) | AC14: EE1 | AD14: EE2 | AE14: TFE | AT14: =(R14/$R$10)*100 -> #DIV/0! | AU14: =(S14/$S$10)*100 -> #DIV/0! | AV14: =(T14/$T$10)*100 -> #DIV/0!
A15: =INPUT!A14 -> 3 | B15: =INPUT!B14 -> 2022-00418 | C15: =INPUT!C14 -> Barnido, Charllys Moore | I15: =IF(COUNT($D15:$H15)=0,"",SUM($D15:$H15)) | J15: =IF(ISERROR(IF($I15="","",ROUND(($I15/$I$10)*$J$10,2))),"",IF($I15="","",ROUND(($I15/$I$10)*$J$10,2))) | K15: =IF($J15="","",ROUND($J15*$K$10,2)) | O15: =IF(COUNT($L15:$N15)=0,"",SUM($L15:$N15)) | P15: =IF(ISERROR(IF($O15="","",ROUND(($O15/$O$10)*$P$10,2))),"",IF($O15="","",ROUND(($O15/$O$10)*$P$10,2))) | Q15: =IF($P15="","",ROUND($P15*$Q$10,2)) | U15: =IF(COUNT($R15:$T15)=0,"",SUM($R15:$T15)) | V15: =IF(ISERROR(IF($U15="","",ROUND(($U15/$U$10)*$V$10,2))),"",IF($U15="","",ROUND(($U15/$U$10)*$V$10,2))) | W15: =IF($V15="","",ROUND($V15*$W$10,2)) | X15: =IF(ISERROR(IF($T15="","",ROUND(SUM($K15,$Q15,$W15),2))),"",IF($T15="","",ROUND(SUM($K15,$Q15,$W15),2))) | Y15: =IF(ISERROR(IF($T15="","",VLOOKUP(X15,NewTransmu,4,TRUE))),"",IF($T15="","",VLOOKUP(X15,NewTransmu,4,TRUE))) | Z15: =IF(ISERROR(IF(Y15="","",VLOOKUP(Y15,DESCRIPTORS,4,TRUE))),"",IF(Y15="","",VLOOKUP(Y15,DESCRIPTORS,4,TRUE))) | AB15: Number of Examinees: | AC15: =COUNTA(R13:R115) -> 0 | AD15: =COUNTA(S13:S115) -> 0 | AE15: =COUNTA(T13:T115) -> 0 | AT15: =(R15/$R$10)*100 -> #DIV/0! | AU15: =(S15/$S$10)*100 -> #DIV/0! | AV15: =(T15/$T$10)*100 -> #DIV/0!
A16: =INPUT!A15 -> 4 | B16: =INPUT!B15 -> 2023-00532 | C16: =INPUT!C15 -> CAPILI, SCHAN MARC STEVEN | I16: =IF(COUNT($D16:$H16)=0,"",SUM($D16:$H16)) | J16: =IF(ISERROR(IF($I16="","",ROUND(($I16/$I$10)*$J$10,2))),"",IF($I16="","",ROUND(($I16/$I$10)*$J$10,2))) | K16: =IF($J16="","",ROUND($J16*$K$10,2)) | O16: =IF(COUNT($L16:$N16)=0,"",SUM($L16:$N16)) | P16: =IF(ISERROR(IF($O16="","",ROUND(($O16/$O$10)*$P$10,2))),"",IF($O16="","",ROUND(($O16/$O$10)*$P$10,2))) | Q16: =IF($P16="","",ROUND($P16*$Q$10,2)) | U16: =IF(COUNT($R16:$T16)=0,"",SUM($R16:$T16)) | V16: =IF(ISERROR(IF($U16="","",ROUND(($U16/$U$10)*$V$10,2))),"",IF($U16="","",ROUND(($U16/$U$10)*$V$10,2))) | W16: =IF($V16="","",ROUND($V16*$W$10,2)) | X16: =IF(ISERROR(IF($T16="","",ROUND(SUM($K16,$Q16,$W16),2))),"",IF($T16="","",ROUND(SUM($K16,$Q16,$W16),2))) | Y16: =IF(ISERROR(IF($T16="","",VLOOKUP(X16,NewTransmu,4,TRUE))),"",IF($T16="","",VLOOKUP(X16,NewTransmu,4,TRUE))) | Z16: =IF(ISERROR(IF(Y16="","",VLOOKUP(Y16,DESCRIPTORS,4,TRUE))),"",IF(Y16="","",VLOOKUP(Y16,DESCRIPTORS,4,TRUE))) | AB16: Highest Possible Score: | AC16: =R10 -> 0 | AD16: =S10 -> 0 | AE16: =T10 -> 0 | AT16: =(R16/$R$10)*100 -> #DIV/0! | AU16: =(S16/$S$10)*100 -> #DIV/0! | AV16: =(T16/$T$10)*100 -> #DIV/0!
A17: =INPUT!A16 -> 5 | B17: =INPUT!B16 -> 2022-00002 | C17: =INPUT!C16 -> Cuizon, Cyril | I17: =IF(COUNT($D17:$H17)=0,"",SUM($D17:$H17)) | J17: =IF(ISERROR(IF($I17="","",ROUND(($I17/$I$10)*$J$10,2))),"",IF($I17="","",ROUND(($I17/$I$10)*$J$10,2))) | K17: =IF($J17="","",ROUND($J17*$K$10,2)) | O17: =IF(COUNT($L17:$N17)=0,"",SUM($L17:$N17)) | P17: =IF(ISERROR(IF($O17="","",ROUND(($O17/$O$10)*$P$10,2))),"",IF($O17="","",ROUND(($O17/$O$10)*$P$10,2))) | Q17: =IF($P17="","",ROUND($P17*$Q$10,2)) | U17: =IF(COUNT($R17:$T17)=0,"",SUM($R17:$T17)) | V17: =IF(ISERROR(IF($U17="","",ROUND(($U17/$U$10)*$V$10,2))),"",IF($U17="","",ROUND(($U17/$U$10)*$V$10,2))) | W17: =IF($V17="","",ROUND($V17*$W$10,2)) | X17: =IF(ISERROR(IF($T17="","",ROUND(SUM($K17,$Q17,$W17),2))),"",IF($T17="","",ROUND(SUM($K17,$Q17,$W17),2))) | Y17: =IF(ISERROR(IF($T17="","",VLOOKUP(X17,NewTransmu,4,TRUE))),"",IF($T17="","",VLOOKUP(X17,NewTransmu,4,TRUE))) | Z17: =IF(ISERROR(IF(Y17="","",VLOOKUP(Y17,DESCRIPTORS,4,TRUE))),"",IF(Y17="","",VLOOKUP(Y17,DESCRIPTORS,4,TRUE))) | AT17: =(R17/$R$10)*100 -> #DIV/0! | AU17: =(S17/$S$10)*100 -> #DIV/0! | AV17: =(T17/$T$10)*100 -> #DIV/0!
A18: =INPUT!A17 -> 6 | B18: =INPUT!B17 -> 2022-00003 | C18: =INPUT!C17 -> Deguiñon, Paul Jhon | I18: =IF(COUNT($D18:$H18)=0,"",SUM($D18:$H18)) | J18: =IF(ISERROR(IF($I18="","",ROUND(($I18/$I$10)*$J$10,2))),"",IF($I18="","",ROUND(($I18/$I$10)*$J$10,2))) | K18: =IF($J18="","",ROUND($J18*$K$10,2)) | O18: =IF(COUNT($L18:$N18)=0,"",SUM($L18:$N18)) | P18: =IF(ISERROR(IF($O18="","",ROUND(($O18/$O$10)*$P$10,2))),"",IF($O18="","",ROUND(($O18/$O$10)*$P$10,2))) | Q18: =IF($P18="","",ROUND($P18*$Q$10,2)) | U18: =IF(COUNT($R18:$T18)=0,"",SUM($R18:$T18)) | V18: =IF(ISERROR(IF($U18="","",ROUND(($U18/$U$10)*$V$10,2))),"",IF($U18="","",ROUND(($U18/$U$10)*$V$10,2))) | W18: =IF($V18="","",ROUND($V18*$W$10,2)) | X18: =IF(ISERROR(IF($T18="","",ROUND(SUM($K18,$Q18,$W18),2))),"",IF($T18="","",ROUND(SUM($K18,$Q18,$W18),2))) | Y18: =IF(ISERROR(IF($T18="","",VLOOKUP(X18,NewTransmu,4,TRUE))),"",IF($T18="","",VLOOKUP(X18,NewTransmu,4,TRUE))) | Z18: =IF(ISERROR(IF(Y18="","",VLOOKUP(Y18,DESCRIPTORS,4,TRUE))),"",IF(Y18="","",VLOOKUP(Y18,DESCRIPTORS,4,TRUE))) | AB18: CRITERION-REFERENCED | AC18: EE1 | AD18: EE2 | AE18: TFE | AT18: =(R18/$R$10)*100 -> #DIV/0! | AU18: =(S18/$S$10)*100 -> #DIV/0! | AV18: =(T18/$T$10)*100 -> #DIV/0!
A19: =INPUT!A18 -> 7 | B19: =INPUT!B18 -> 002026-000193 | C19: =INPUT!C18 -> Dela Cruz, Juan | I19: =IF(COUNT($D19:$H19)=0,"",SUM($D19:$H19)) | J19: =IF(ISERROR(IF($I19="","",ROUND(($I19/$I$10)*$J$10,2))),"",IF($I19="","",ROUND(($I19/$I$10)*$J$10,2))) | K19: =IF($J19="","",ROUND($J19*$K$10,2)) | O19: =IF(COUNT($L19:$N19)=0,"",SUM($L19:$N19)) | P19: =IF(ISERROR(IF($O19="","",ROUND(($O19/$O$10)*$P$10,2))),"",IF($O19="","",ROUND(($O19/$O$10)*$P$10,2))) | Q19: =IF($P19="","",ROUND($P19*$Q$10,2)) | U19: =IF(COUNT($R19:$T19)=0,"",SUM($R19:$T19)) | V19: =IF(ISERROR(IF($U19="","",ROUND(($U19/$U$10)*$V$10,2))),"",IF($U19="","",ROUND(($U19/$U$10)*$V$10,2))) | W19: =IF($V19="","",ROUND($V19*$W$10,2)) | X19: =IF(ISERROR(IF($T19="","",ROUND(SUM($K19,$Q19,$W19),2))),"",IF($T19="","",ROUND(SUM($K19,$Q19,$W19),2))) | Y19: =IF(ISERROR(IF($T19="","",VLOOKUP(X19,NewTransmu,4,TRUE))),"",IF($T19="","",VLOOKUP(X19,NewTransmu,4,TRUE))) | Z19: =IF(ISERROR(IF(Y19="","",VLOOKUP(Y19,DESCRIPTORS,4,TRUE))),"",IF(Y19="","",VLOOKUP(Y19,DESCRIPTORS,4,TRUE))) | AB19: Got 75% & above | AC19: =COUNTIF(AT13:AT115,">=75") -> 0 | AD19: =COUNTIF(AU13:AU115,">=75") -> 0 | AE19: =COUNTIF(AV13:AV115,">=75") -> 0 | AT19: =(R19/$R$10)*100 -> #DIV/0! | AU19: =(S19/$S$10)*100 -> #DIV/0! | AV19: =(T19/$T$10)*100 -> #DIV/0!
A20: =INPUT!A19 -> 8 | B20: =INPUT!B19 -> 2022-00047 | C20: =INPUT!C19 -> Dela Cruz, Stacey Samson | I20: =IF(COUNT($D20:$H20)=0,"",SUM($D20:$H20)) | J20: =IF(ISERROR(IF($I20="","",ROUND(($I20/$I$10)*$J$10,2))),"",IF($I20="","",ROUND(($I20/$I$10)*$J$10,2))) | K20: =IF($J20="","",ROUND($J20*$K$10,2)) | O20: =IF(COUNT($L20:$N20)=0,"",SUM($L20:$N20)) | P20: =IF(ISERROR(IF($O20="","",ROUND(($O20/$O$10)*$P$10,2))),"",IF($O20="","",ROUND(($O20/$O$10)*$P$10,2))) | Q20: =IF($P20="","",ROUND($P20*$Q$10,2)) | U20: =IF(COUNT($R20:$T20)=0,"",SUM($R20:$T20)) | V20: =IF(ISERROR(IF($U20="","",ROUND(($U20/$U$10)*$V$10,2))),"",IF($U20="","",ROUND(($U20/$U$10)*$V$10,2))) | W20: =IF($V20="","",ROUND($V20*$W$10,2)) | X20: =IF(ISERROR(IF($T20="","",ROUND(SUM($K20,$Q20,$W20),2))),"",IF($T20="","",ROUND(SUM($K20,$Q20,$W20),2))) | Y20: =IF(ISERROR(IF($T20="","",VLOOKUP(X20,NewTransmu,4,TRUE))),"",IF($T20="","",VLOOKUP(X20,NewTransmu,4,TRUE))) | Z20: =IF(ISERROR(IF(Y20="","",VLOOKUP(Y20,DESCRIPTORS,4,TRUE))),"",IF(Y20="","",VLOOKUP(Y20,DESCRIPTORS,4,TRUE))) | AB20: Percentage | AC20: =IFERROR(AC19/AC15,"") | AD20: =IFERROR(AD19/AD15,"") | AE20: =IFERROR(AE19/AE15,"") | AT20: =(R20/$R$10)*100 -> #DIV/0! | AU20: =(S20/$S$10)*100 -> #DIV/0! | AV20: =(T20/$T$10)*100 -> #DIV/0!
A21: =INPUT!A20 -> 9 | B21: =INPUT!B20 -> 2023-00510 | C21: =INPUT!C20 -> DURIAS, KIRK ADRIANE | I21: =IF(COUNT($D21:$H21)=0,"",SUM($D21:$H21)) | J21: =IF(ISERROR(IF($I21="","",ROUND(($I21/$I$10)*$J$10,2))),"",IF($I21="","",ROUND(($I21/$I$10)*$J$10,2))) | K21: =IF($J21="","",ROUND($J21*$K$10,2)) | O21: =IF(COUNT($L21:$N21)=0,"",SUM($L21:$N21)) | P21: =IF(ISERROR(IF($O21="","",ROUND(($O21/$O$10)*$P$10,2))),"",IF($O21="","",ROUND(($O21/$O$10)*$P$10,2))) | Q21: =IF($P21="","",ROUND($P21*$Q$10,2)) | U21: =IF(COUNT($R21:$T21)=0,"",SUM($R21:$T21)) | V21: =IF(ISERROR(IF($U21="","",ROUND(($U21/$U$10)*$V$10,2))),"",IF($U21="","",ROUND(($U21/$U$10)*$V$10,2))) | W21: =IF($V21="","",ROUND($V21*$W$10,2)) | X21: =IF(ISERROR(IF($T21="","",ROUND(SUM($K21,$Q21,$W21),2))),"",IF($T21="","",ROUND(SUM($K21,$Q21,$W21),2))) | Y21: =IF(ISERROR(IF($T21="","",VLOOKUP(X21,NewTransmu,4,TRUE))),"",IF($T21="","",VLOOKUP(X21,NewTransmu,4,TRUE))) | Z21: =IF(ISERROR(IF(Y21="","",VLOOKUP(Y21,DESCRIPTORS,4,TRUE))),"",IF(Y21="","",VLOOKUP(Y21,DESCRIPTORS,4,TRUE))) | AB21: Got below 75% | AC21: =AC15-AC19 -> 0 | AD21: =AD15-AD19 -> 0 | AE21: =AE15-AE19 -> 0 | AT21: =(R21/$R$10)*100 -> #DIV/0! | AU21: =(S21/$S$10)*100 -> #DIV/0! | AV21: =(T21/$T$10)*100 -> #DIV/0!
A22: =INPUT!A21 -> 10 | B22: =INPUT!B21 -> 2022-00005 | C22: =INPUT!C21 -> Fernandez, Jhon Kenneth | I22: =IF(COUNT($D22:$H22)=0,"",SUM($D22:$H22)) | J22: =IF(ISERROR(IF($I22="","",ROUND(($I22/$I$10)*$J$10,2))),"",IF($I22="","",ROUND(($I22/$I$10)*$J$10,2))) | K22: =IF($J22="","",ROUND($J22*$K$10,2)) | O22: =IF(COUNT($L22:$N22)=0,"",SUM($L22:$N22)) | P22: =IF(ISERROR(IF($O22="","",ROUND(($O22/$O$10)*$P$10,2))),"",IF($O22="","",ROUND(($O22/$O$10)*$P$10,2))) | Q22: =IF($P22="","",ROUND($P22*$Q$10,2)) | U22: =IF(COUNT($R22:$T22)=0,"",SUM($R22:$T22)) | V22: =IF(ISERROR(IF($U22="","",ROUND(($U22/$U$10)*$V$10,2))),"",IF($U22="","",ROUND(($U22/$U$10)*$V$10,2))) | W22: =IF($V22="","",ROUND($V22*$W$10,2)) | X22: =IF(ISERROR(IF($T22="","",ROUND(SUM($K22,$Q22,$W22),2))),"",IF($T22="","",ROUND(SUM($K22,$Q22,$W22),2))) | Y22: =IF(ISERROR(IF($T22="","",VLOOKUP(X22,NewTransmu,4,TRUE))),"",IF($T22="","",VLOOKUP(X22,NewTransmu,4,TRUE))) | Z22: =IF(ISERROR(IF(Y22="","",VLOOKUP(Y22,DESCRIPTORS,4,TRUE))),"",IF(Y22="","",VLOOKUP(Y22,DESCRIPTORS,4,TRUE))) | AB22: Percentage | AC22: =IFERROR(1-AC20,"") | AD22: =IFERROR(1-AD20,"") | AE22: =IFERROR(1-AE20,"") | AT22: =(R22/$R$10)*100 -> #DIV/0! | AU22: =(S22/$S$10)*100 -> #DIV/0! | AV22: =(T22/$T$10)*100 -> #DIV/0!
A23: =INPUT!A22 -> 11 | B23: =INPUT!B22 -> 2022-00006 | C23: =INPUT!C22 -> Figueroa, John Rech | I23: =IF(COUNT($D23:$H23)=0,"",SUM($D23:$H23)) | J23: =IF(ISERROR(IF($I23="","",ROUND(($I23/$I$10)*$J$10,2))),"",IF($I23="","",ROUND(($I23/$I$10)*$J$10,2))) | K23: =IF($J23="","",ROUND($J23*$K$10,2)) | O23: =IF(COUNT($L23:$N23)=0,"",SUM($L23:$N23)) | P23: =IF(ISERROR(IF($O23="","",ROUND(($O23/$O$10)*$P$10,2))),"",IF($O23="","",ROUND(($O23/$O$10)*$P$10,2))) | Q23: =IF($P23="","",ROUND($P23*$Q$10,2)) | U23: =IF(COUNT($R23:$T23)=0,"",SUM($R23:$T23)) | V23: =IF(ISERROR(IF($U23="","",ROUND(($U23/$U$10)*$V$10,2))),"",IF($U23="","",ROUND(($U23/$U$10)*$V$10,2))) | W23: =IF($V23="","",ROUND($V23*$W$10,2)) | X23: =IF(ISERROR(IF($T23="","",ROUND(SUM($K23,$Q23,$W23),2))),"",IF($T23="","",ROUND(SUM($K23,$Q23,$W23),2))) | Y23: =IF(ISERROR(IF($T23="","",VLOOKUP(X23,NewTransmu,4,TRUE))),"",IF($T23="","",VLOOKUP(X23,NewTransmu,4,TRUE))) | Z23: =IF(ISERROR(IF(Y23="","",VLOOKUP(Y23,DESCRIPTORS,4,TRUE))),"",IF(Y23="","",VLOOKUP(Y23,DESCRIPTORS,4,TRUE))) | AT23: =(R23/$R$10)*100 -> #DIV/0! | AU23: =(S23/$S$10)*100 -> #DIV/0! | AV23: =(T23/$T$10)*100 -> #DIV/0!
A24: =INPUT!A23 -> 12 | B24: =INPUT!B23 -> 2022-00007 | C24: =INPUT!C23 -> Intes, TJ Philip | I24: =IF(COUNT($D24:$H24)=0,"",SUM($D24:$H24)) | J24: =IF(ISERROR(IF($I24="","",ROUND(($I24/$I$10)*$J$10,2))),"",IF($I24="","",ROUND(($I24/$I$10)*$J$10,2))) | K24: =IF($J24="","",ROUND($J24*$K$10,2)) | O24: =IF(COUNT($L24:$N24)=0,"",SUM($L24:$N24)) | P24: =IF(ISERROR(IF($O24="","",ROUND(($O24/$O$10)*$P$10,2))),"",IF($O24="","",ROUND(($O24/$O$10)*$P$10,2))) | Q24: =IF($P24="","",ROUND($P24*$Q$10,2)) | U24: =IF(COUNT($R24:$T24)=0,"",SUM($R24:$T24)) | V24: =IF(ISERROR(IF($U24="","",ROUND(($U24/$U$10)*$V$10,2))),"",IF($U24="","",ROUND(($U24/$U$10)*$V$10,2))) | W24: =IF($V24="","",ROUND($V24*$W$10,2)) | X24: =IF(ISERROR(IF($T24="","",ROUND(SUM($K24,$Q24,$W24),2))),"",IF($T24="","",ROUND(SUM($K24,$Q24,$W24),2))) | Y24: =IF(ISERROR(IF($T24="","",VLOOKUP(X24,NewTransmu,4,TRUE))),"",IF($T24="","",VLOOKUP(X24,NewTransmu,4,TRUE))) | Z24: =IF(ISERROR(IF(Y24="","",VLOOKUP(Y24,DESCRIPTORS,4,TRUE))),"",IF(Y24="","",VLOOKUP(Y24,DESCRIPTORS,4,TRUE))) | AB24: NORM-REFERENCED | AC24: EE1 | AD24: EE2 | AE24: TFE | AT24: =(R24/$R$10)*100 -> #DIV/0! | AU24: =(S24/$S$10)*100 -> #DIV/0! | AV24: =(T24/$T$10)*100 -> #DIV/0!
A25: =INPUT!A24 -> 13 | B25: =INPUT!B24 -> 2022-00008 | C25: =INPUT!C24 -> Jarabe, Andrei Anthony | I25: =IF(COUNT($D25:$H25)=0,"",SUM($D25:$H25)) | J25: =IF(ISERROR(IF($I25="","",ROUND(($I25/$I$10)*$J$10,2))),"",IF($I25="","",ROUND(($I25/$I$10)*$J$10,2))) | K25: =IF($J25="","",ROUND($J25*$K$10,2)) | O25: =IF(COUNT($L25:$N25)=0,"",SUM($L25:$N25)) | P25: =IF(ISERROR(IF($O25="","",ROUND(($O25/$O$10)*$P$10,2))),"",IF($O25="","",ROUND(($O25/$O$10)*$P$10,2))) | Q25: =IF($P25="","",ROUND($P25*$Q$10,2)) | U25: =IF(COUNT($R25:$T25)=0,"",SUM($R25:$T25)) | V25: =IF(ISERROR(IF($U25="","",ROUND(($U25/$U$10)*$V$10,2))),"",IF($U25="","",ROUND(($U25/$U$10)*$V$10,2))) | W25: =IF($V25="","",ROUND($V25*$W$10,2)) | X25: =IF(ISERROR(IF($T25="","",ROUND(SUM($K25,$Q25,$W25),2))),"",IF($T25="","",ROUND(SUM($K25,$Q25,$W25),2))) | Y25: =IF(ISERROR(IF($T25="","",VLOOKUP(X25,NewTransmu,4,TRUE))),"",IF($T25="","",VLOOKUP(X25,NewTransmu,4,TRUE))) | Z25: =IF(ISERROR(IF(Y25="","",VLOOKUP(Y25,DESCRIPTORS,4,TRUE))),"",IF(Y25="","",VLOOKUP(Y25,DESCRIPTORS,4,TRUE))) | AB25: Mean | AC25: =IFERROR(AVERAGE(R13:R115),"") | AD25: =IFERROR(AVERAGE(S13:S115),"") | AE25: =IFERROR(AVERAGE(T13:T115),"") | AT25: =(R25/$R$10)*100 -> #DIV/0! | AU25: =(S25/$S$10)*100 -> #DIV/0! | AV25: =(T25/$T$10)*100 -> #DIV/0!
A26: =INPUT!A25 -> 14 | B26: =INPUT!B25 -> 2022-00012 | C26: =INPUT!C25 -> Mumar, Terence Hunter | I26: =IF(COUNT($D26:$H26)=0,"",SUM($D26:$H26)) | J26: =IF(ISERROR(IF($I26="","",ROUND(($I26/$I$10)*$J$10,2))),"",IF($I26="","",ROUND(($I26/$I$10)*$J$10,2))) | K26: =IF($J26="","",ROUND($J26*$K$10,2)) | O26: =IF(COUNT($L26:$N26)=0,"",SUM($L26:$N26)) | P26: =IF(ISERROR(IF($O26="","",ROUND(($O26/$O$10)*$P$10,2))),"",IF($O26="","",ROUND(($O26/$O$10)*$P$10,2))) | Q26: =IF($P26="","",ROUND($P26*$Q$10,2)) | U26: =IF(COUNT($R26:$T26)=0,"",SUM($R26:$T26)) | V26: =IF(ISERROR(IF($U26="","",ROUND(($U26/$U$10)*$V$10,2))),"",IF($U26="","",ROUND(($U26/$U$10)*$V$10,2))) | W26: =IF($V26="","",ROUND($V26*$W$10,2)) | X26: =IF(ISERROR(IF($T26="","",ROUND(SUM($K26,$Q26,$W26),2))),"",IF($T26="","",ROUND(SUM($K26,$Q26,$W26),2))) | Y26: =IF(ISERROR(IF($T26="","",VLOOKUP(X26,NewTransmu,4,TRUE))),"",IF($T26="","",VLOOKUP(X26,NewTransmu,4,TRUE))) | Z26: =IF(ISERROR(IF(Y26="","",VLOOKUP(Y26,DESCRIPTORS,4,TRUE))),"",IF(Y26="","",VLOOKUP(Y26,DESCRIPTORS,4,TRUE))) | AB26: Median | AC26: =IFERROR(MEDIAN(R13:R115),"") | AD26: =IFERROR(MEDIAN(S13:S115),"") | AE26: =IFERROR(MEDIAN(T13:T115),"") | AT26: =(R26/$R$10)*100 -> #DIV/0! | AU26: =(S26/$S$10)*100 -> #DIV/0! | AV26: =(T26/$T$10)*100 -> #DIV/0!
A27: =INPUT!A26 -> 15 | B27: =INPUT!B26 -> 2022-00013 | C27: =INPUT!C26 -> Narita, JD Ariel | I27: =IF(COUNT($D27:$H27)=0,"",SUM($D27:$H27)) | J27: =IF(ISERROR(IF($I27="","",ROUND(($I27/$I$10)*$J$10,2))),"",IF($I27="","",ROUND(($I27/$I$10)*$J$10,2))) | K27: =IF($J27="","",ROUND($J27*$K$10,2)) | O27: =IF(COUNT($L27:$N27)=0,"",SUM($L27:$N27)) | P27: =IF(ISERROR(IF($O27="","",ROUND(($O27/$O$10)*$P$10,2))),"",IF($O27="","",ROUND(($O27/$O$10)*$P$10,2))) | Q27: =IF($P27="","",ROUND($P27*$Q$10,2)) | U27: =IF(COUNT($R27:$T27)=0,"",SUM($R27:$T27)) | V27: =IF(ISERROR(IF($U27="","",ROUND(($U27/$U$10)*$V$10,2))),"",IF($U27="","",ROUND(($U27/$U$10)*$V$10,2))) | W27: =IF($V27="","",ROUND($V27*$W$10,2)) | X27: =IF(ISERROR(IF($T27="","",ROUND(SUM($K27,$Q27,$W27),2))),"",IF($T27="","",ROUND(SUM($K27,$Q27,$W27),2))) | Y27: =IF(ISERROR(IF($T27="","",VLOOKUP(X27,NewTransmu,4,TRUE))),"",IF($T27="","",VLOOKUP(X27,NewTransmu,4,TRUE))) | Z27: =IF(ISERROR(IF(Y27="","",VLOOKUP(Y27,DESCRIPTORS,4,TRUE))),"",IF(Y27="","",VLOOKUP(Y27,DESCRIPTORS,4,TRUE))) | AB27: SD | AC27: =IFERROR(_xlfn.STDEV.S(R13:R115),"") | AD27: =_xlfn.STDEV.S(S13:S115) -> #DIV/0! | AE27: =_xlfn.STDEV.S(T13:T115) -> #DIV/0! | AT27: =(R27/$R$10)*100 -> #DIV/0! | AU27: =(S27/$S$10)*100 -> #DIV/0! | AV27: =(T27/$T$10)*100 -> #DIV/0!
A28: =INPUT!A27 -> 16 | B28: =INPUT!B27 -> 2022-00014 | C28: =INPUT!C27 -> Ofngol, Prince Ryder | I28: =IF(COUNT($D28:$H28)=0,"",SUM($D28:$H28)) | J28: =IF(ISERROR(IF($I28="","",ROUND(($I28/$I$10)*$J$10,2))),"",IF($I28="","",ROUND(($I28/$I$10)*$J$10,2))) | K28: =IF($J28="","",ROUND($J28*$K$10,2)) | O28: =IF(COUNT($L28:$N28)=0,"",SUM($L28:$N28)) | P28: =IF(ISERROR(IF($O28="","",ROUND(($O28/$O$10)*$P$10,2))),"",IF($O28="","",ROUND(($O28/$O$10)*$P$10,2))) | Q28: =IF($P28="","",ROUND($P28*$Q$10,2)) | U28: =IF(COUNT($R28:$T28)=0,"",SUM($R28:$T28)) | V28: =IF(ISERROR(IF($U28="","",ROUND(($U28/$U$10)*$V$10,2))),"",IF($U28="","",ROUND(($U28/$U$10)*$V$10,2))) | W28: =IF($V28="","",ROUND($V28*$W$10,2)) | X28: =IF(ISERROR(IF($T28="","",ROUND(SUM($K28,$Q28,$W28),2))),"",IF($T28="","",ROUND(SUM($K28,$Q28,$W28),2))) | Y28: =IF(ISERROR(IF($T28="","",VLOOKUP(X28,NewTransmu,4,TRUE))),"",IF($T28="","",VLOOKUP(X28,NewTransmu,4,TRUE))) | Z28: =IF(ISERROR(IF(Y28="","",VLOOKUP(Y28,DESCRIPTORS,4,TRUE))),"",IF(Y28="","",VLOOKUP(Y28,DESCRIPTORS,4,TRUE))) | AB28: MPS/PL | AC28: =IFERROR(AC25/AC16,"") | AD28: =IFERROR(AD25/AD16,"") | AE28: =IFERROR(AE25/AE16,"") | AT28: =(R28/$R$10)*100 -> #DIV/0! | AU28: =(S28/$S$10)*100 -> #DIV/0! | AV28: =(T28/$T$10)*100 -> #DIV/0!
A29: =INPUT!A28 -> 17 | B29: =INPUT!B28 -> 2022-00015 | C29: =INPUT!C28 -> Pañega, Roland Josh | I29: =IF(COUNT($D29:$H29)=0,"",SUM($D29:$H29)) | J29: =IF(ISERROR(IF($I29="","",ROUND(($I29/$I$10)*$J$10,2))),"",IF($I29="","",ROUND(($I29/$I$10)*$J$10,2))) | K29: =IF($J29="","",ROUND($J29*$K$10,2)) | O29: =IF(COUNT($L29:$N29)=0,"",SUM($L29:$N29)) | P29: =IF(ISERROR(IF($O29="","",ROUND(($O29/$O$10)*$P$10,2))),"",IF($O29="","",ROUND(($O29/$O$10)*$P$10,2))) | Q29: =IF($P29="","",ROUND($P29*$Q$10,2)) | U29: =IF(COUNT($R29:$T29)=0,"",SUM($R29:$T29)) | V29: =IF(ISERROR(IF($U29="","",ROUND(($U29/$U$10)*$V$10,2))),"",IF($U29="","",ROUND(($U29/$U$10)*$V$10,2))) | W29: =IF($V29="","",ROUND($V29*$W$10,2)) | X29: =IF(ISERROR(IF($T29="","",ROUND(SUM($K29,$Q29,$W29),2))),"",IF($T29="","",ROUND(SUM($K29,$Q29,$W29),2))) | Y29: =IF(ISERROR(IF($T29="","",VLOOKUP(X29,NewTransmu,4,TRUE))),"",IF($T29="","",VLOOKUP(X29,NewTransmu,4,TRUE))) | Z29: =IF(ISERROR(IF(Y29="","",VLOOKUP(Y29,DESCRIPTORS,4,TRUE))),"",IF(Y29="","",VLOOKUP(Y29,DESCRIPTORS,4,TRUE))) | AT29: =(R29/$R$10)*100 -> #DIV/0! | AU29: =(S29/$S$10)*100 -> #DIV/0! | AV29: =(T29/$T$10)*100 -> #DIV/0!
A30: =INPUT!A29 -> 18 | B30: =INPUT!B29 -> 2022-00018 | C30: =INPUT!C29 -> Sayson, Aianne Anthony | I30: =IF(COUNT($D30:$H30)=0,"",SUM($D30:$H30)) | J30: =IF(ISERROR(IF($I30="","",ROUND(($I30/$I$10)*$J$10,2))),"",IF($I30="","",ROUND(($I30/$I$10)*$J$10,2))) | K30: =IF($J30="","",ROUND($J30*$K$10,2)) | O30: =IF(COUNT($L30:$N30)=0,"",SUM($L30:$N30)) | P30: =IF(ISERROR(IF($O30="","",ROUND(($O30/$O$10)*$P$10,2))),"",IF($O30="","",ROUND(($O30/$O$10)*$P$10,2))) | Q30: =IF($P30="","",ROUND($P30*$Q$10,2)) | U30: =IF(COUNT($R30:$T30)=0,"",SUM($R30:$T30)) | V30: =IF(ISERROR(IF($U30="","",ROUND(($U30/$U$10)*$V$10,2))),"",IF($U30="","",ROUND(($U30/$U$10)*$V$10,2))) | W30: =IF($V30="","",ROUND($V30*$W$10,2)) | X30: =IF(ISERROR(IF($T30="","",ROUND(SUM($K30,$Q30,$W30),2))),"",IF($T30="","",ROUND(SUM($K30,$Q30,$W30),2))) | Y30: =IF(ISERROR(IF($T30="","",VLOOKUP(X30,NewTransmu,4,TRUE))),"",IF($T30="","",VLOOKUP(X30,NewTransmu,4,TRUE))) | Z30: =IF(ISERROR(IF(Y30="","",VLOOKUP(Y30,DESCRIPTORS,4,TRUE))),"",IF(Y30="","",VLOOKUP(Y30,DESCRIPTORS,4,TRUE))) | AB30: OTHER INFO | AC30: EE1 | AD30: EE2 | AE30: TFE | AT30: =(R30/$R$10)*100 -> #DIV/0! | AU30: =(S30/$S$10)*100 -> #DIV/0! | AV30: =(T30/$T$10)*100 -> #DIV/0!
A31: =INPUT!A30 -> 19 | B31: =INPUT!B30 -> 2022-00019 | C31: =INPUT!C30 -> Vestidas, Rique Mart | I31: =IF(COUNT($D31:$H31)=0,"",SUM($D31:$H31)) | J31: =IF(ISERROR(IF($I31="","",ROUND(($I31/$I$10)*$J$10,2))),"",IF($I31="","",ROUND(($I31/$I$10)*$J$10,2))) | K31: =IF($J31="","",ROUND($J31*$K$10,2)) | O31: =IF(COUNT($L31:$N31)=0,"",SUM($L31:$N31)) | P31: =IF(ISERROR(IF($O31="","",ROUND(($O31/$O$10)*$P$10,2))),"",IF($O31="","",ROUND(($O31/$O$10)*$P$10,2))) | Q31: =IF($P31="","",ROUND($P31*$Q$10,2)) | U31: =IF(COUNT($R31:$T31)=0,"",SUM($R31:$T31)) | V31: =IF(ISERROR(IF($U31="","",ROUND(($U31/$U$10)*$V$10,2))),"",IF($U31="","",ROUND(($U31/$U$10)*$V$10,2))) | W31: =IF($V31="","",ROUND($V31*$W$10,2)) | X31: =IF(ISERROR(IF($T31="","",ROUND(SUM($K31,$Q31,$W31),2))),"",IF($T31="","",ROUND(SUM($K31,$Q31,$W31),2))) | Y31: =IF(ISERROR(IF($T31="","",VLOOKUP(X31,NewTransmu,4,TRUE))),"",IF($T31="","",VLOOKUP(X31,NewTransmu,4,TRUE))) | Z31: =IF(ISERROR(IF(Y31="","",VLOOKUP(Y31,DESCRIPTORS,4,TRUE))),"",IF(Y31="","",VLOOKUP(Y31,DESCRIPTORS,4,TRUE))) | AB31: Highest Score | AC31: =IF(COUNTA(R13:R115)=0,"",MAX(R13:R115)) | AD31: =IF(COUNTA(S13:S115)=0,"",MAX(S13:S115)) | AE31: =IF(COUNTA(T13:T115)=0,"",MAX(T13:T115)) | AT31: =(R31/$R$10)*100 -> #DIV/0! | AU31: =(S31/$S$10)*100 -> #DIV/0! | AV31: =(T31/$T$10)*100 -> #DIV/0!
A32: =INPUT!A31 -> 20 | B32: =INPUT!B31 -> 2023-00512 | C32: =INPUT!C31 -> WENCESLAO, EC WHISTLER | I32: =IF(COUNT($D32:$H32)=0,"",SUM($D32:$H32)) | J32: =IF(ISERROR(IF($I32="","",ROUND(($I32/$I$10)*$J$10,2))),"",IF($I32="","",ROUND(($I32/$I$10)*$J$10,2))) | K32: =IF($J32="","",ROUND($J32*$K$10,2)) | O32: =IF(COUNT($L32:$N32)=0,"",SUM($L32:$N32)) | P32: =IF(ISERROR(IF($O32="","",ROUND(($O32/$O$10)*$P$10,2))),"",IF($O32="","",ROUND(($O32/$O$10)*$P$10,2))) | Q32: =IF($P32="","",ROUND($P32*$Q$10,2)) | U32: =IF(COUNT($R32:$T32)=0,"",SUM($R32:$T32)) | V32: =IF(ISERROR(IF($U32="","",ROUND(($U32/$U$10)*$V$10,2))),"",IF($U32="","",ROUND(($U32/$U$10)*$V$10,2))) | W32: =IF($V32="","",ROUND($V32*$W$10,2)) | X32: =IF(ISERROR(IF($T32="","",ROUND(SUM($K32,$Q32,$W32),2))),"",IF($T32="","",ROUND(SUM($K32,$Q32,$W32),2))) | Y32: =IF(ISERROR(IF($T32="","",VLOOKUP(X32,NewTransmu,4,TRUE))),"",IF($T32="","",VLOOKUP(X32,NewTransmu,4,TRUE))) | Z32: =IF(ISERROR(IF(Y32="","",VLOOKUP(Y32,DESCRIPTORS,4,TRUE))),"",IF(Y32="","",VLOOKUP(Y32,DESCRIPTORS,4,TRUE))) | AB32: Lowest Score | AC32: =IF(COUNTA(R13:R115)=0,"",MIN(R13:R115)) | AD32: =IF(COUNTA(S13:S115)=0,"",MIN(S13:S115)) | AE32: =IF(COUNTA(T13:T115)=0,"",MIN(T13:T115)) | AT32: =(R32/$R$10)*100 -> #DIV/0! | AU32: =(S32/$S$10)*100 -> #DIV/0! | AV32: =(T32/$T$10)*100 -> #DIV/0!
A33: =INPUT!A32 -> 0 | B33: =INPUT!B32 -> 0 | C33: =INPUT!C32 -> 0 | I33: =IF(COUNT($D33:$H33)=0,"",SUM($D33:$H33)) | J33: =IF(ISERROR(IF($I33="","",ROUND(($I33/$I$10)*$J$10,2))),"",IF($I33="","",ROUND(($I33/$I$10)*$J$10,2))) | K33: =IF($J33="","",ROUND($J33*$K$10,2)) | O33: =IF(COUNT($L33:$N33)=0,"",SUM($L33:$N33)) | P33: =IF(ISERROR(IF($O33="","",ROUND(($O33/$O$10)*$P$10,2))),"",IF($O33="","",ROUND(($O33/$O$10)*$P$10,2))) | Q33: =IF($P33="","",ROUND($P33*$Q$10,2)) | U33: =IF(COUNT($R33:$T33)=0,"",SUM($R33:$T33)) | V33: =IF(ISERROR(IF($U33="","",ROUND(($U33/$U$10)*$V$10,2))),"",IF($U33="","",ROUND(($U33/$U$10)*$V$10,2))) | W33: =IF($V33="","",ROUND($V33*$W$10,2)) | X33: =IF(ISERROR(IF($T33="","",ROUND(SUM($K33,$Q33,$W33),2))),"",IF($T33="","",ROUND(SUM($K33,$Q33,$W33),2))) | Y33: =IF(ISERROR(IF($T33="","",VLOOKUP(X33,NewTransmu,4,TRUE))),"",IF($T33="","",VLOOKUP(X33,NewTransmu,4,TRUE))) | Z33: =IF(ISERROR(IF(Y33="","",VLOOKUP(Y33,DESCRIPTORS,4,TRUE))),"",IF(Y33="","",VLOOKUP(Y33,DESCRIPTORS,4,TRUE))) | AB33: Total Score | AC33: =IF(COUNTA(R13:R115)=0,"",SUM(R13:R115)) | AD33: =IF(COUNTA(S13:S115)=0,"",SUM(S13:S115)) | AE33: =IF(COUNTA(T13:T115)=0,"",SUM(T13:T115)) | AT33: =(R33/$R$10)*100 -> #DIV/0! | AU33: =(S33/$S$10)*100 -> #DIV/0! | AV33: =(T33/$T$10)*100 -> #DIV/0!
A34: =INPUT!A33 -> 0 | B34: =INPUT!B33 -> 0 | C34: =INPUT!C33 -> 0 | I34: =IF(COUNT($D34:$H34)=0,"",SUM($D34:$H34)) | J34: =IF(ISERROR(IF($I34="","",ROUND(($I34/$I$10)*$J$10,2))),"",IF($I34="","",ROUND(($I34/$I$10)*$J$10,2))) | K34: =IF($J34="","",ROUND($J34*$K$10,2)) | O34: =IF(COUNT($L34:$N34)=0,"",SUM($L34:$N34)) | P34: =IF(ISERROR(IF($O34="","",ROUND(($O34/$O$10)*$P$10,2))),"",IF($O34="","",ROUND(($O34/$O$10)*$P$10,2))) | Q34: =IF($P34="","",ROUND($P34*$Q$10,2)) | U34: =IF(COUNT($R34:$T34)=0,"",SUM($R34:$T34)) | V34: =IF(ISERROR(IF($U34="","",ROUND(($U34/$U$10)*$V$10,2))),"",IF($U34="","",ROUND(($U34/$U$10)*$V$10,2))) | W34: =IF($V34="","",ROUND($V34*$W$10,2)) | X34: =IF(ISERROR(IF($T34="","",ROUND(SUM($K34,$Q34,$W34),2))),"",IF($T34="","",ROUND(SUM($K34,$Q34,$W34),2))) | Y34: =IF(ISERROR(IF($T34="","",VLOOKUP(X34,NewTransmu,4,TRUE))),"",IF($T34="","",VLOOKUP(X34,NewTransmu,4,TRUE))) | Z34: =IF(ISERROR(IF(Y34="","",VLOOKUP(Y34,DESCRIPTORS,4,TRUE))),"",IF(Y34="","",VLOOKUP(Y34,DESCRIPTORS,4,TRUE))) | AT34: =(R34/$R$10)*100 -> #DIV/0! | AU34: =(S34/$S$10)*100 -> #DIV/0! | AV34: =(T34/$T$10)*100 -> #DIV/0!
A35: =INPUT!A34 -> 0 | B35: =INPUT!B34 -> 0 | C35: =INPUT!C34 -> 0 | I35: =IF(COUNT($D35:$H35)=0,"",SUM($D35:$H35)) | J35: =IF(ISERROR(IF($I35="","",ROUND(($I35/$I$10)*$J$10,2))),"",IF($I35="","",ROUND(($I35/$I$10)*$J$10,2))) | K35: =IF($J35="","",ROUND($J35*$K$10,2)) | O35: =IF(COUNT($L35:$N35)=0,"",SUM($L35:$N35)) | P35: =IF(ISERROR(IF($O35="","",ROUND(($O35/$O$10)*$P$10,2))),"",IF($O35="","",ROUND(($O35/$O$10)*$P$10,2))) | Q35: =IF($P35="","",ROUND($P35*$Q$10,2)) | U35: =IF(COUNT($R35:$T35)=0,"",SUM($R35:$T35)) | V35: =IF(ISERROR(IF($U35="","",ROUND(($U35/$U$10)*$V$10,2))),"",IF($U35="","",ROUND(($U35/$U$10)*$V$10,2))) | W35: =IF($V35="","",ROUND($V35*$W$10,2)) | X35: =IF(ISERROR(IF($T35="","",ROUND(SUM($K35,$Q35,$W35),2))),"",IF($T35="","",ROUND(SUM($K35,$Q35,$W35),2))) | Y35: =IF(ISERROR(IF($T35="","",VLOOKUP(X35,NewTransmu,4,TRUE))),"",IF($T35="","",VLOOKUP(X35,NewTransmu,4,TRUE))) | Z35: =IF(ISERROR(IF(Y35="","",VLOOKUP(Y35,DESCRIPTORS,4,TRUE))),"",IF(Y35="","",VLOOKUP(Y35,DESCRIPTORS,4,TRUE))) | AT35: =(R35/$R$10)*100 -> #DIV/0! | AU35: =(S35/$S$10)*100 -> #DIV/0! | AV35: =(T35/$T$10)*100 -> #DIV/0!
A36: =INPUT!A35 -> 0 | B36: =INPUT!B35 -> 0 | C36: =INPUT!C35 -> 0 | I36: =IF(COUNT($D36:$H36)=0,"",SUM($D36:$H36)) | J36: =IF(ISERROR(IF($I36="","",ROUND(($I36/$I$10)*$J$10,2))),"",IF($I36="","",ROUND(($I36/$I$10)*$J$10,2))) | K36: =IF($J36="","",ROUND($J36*$K$10,2)) | O36: =IF(COUNT($L36:$N36)=0,"",SUM($L36:$N36)) | P36: =IF(ISERROR(IF($O36="","",ROUND(($O36/$O$10)*$P$10,2))),"",IF($O36="","",ROUND(($O36/$O$10)*$P$10,2))) | Q36: =IF($P36="","",ROUND($P36*$Q$10,2)) | U36: =IF(COUNT($R36:$T36)=0,"",SUM($R36:$T36)) | V36: =IF(ISERROR(IF($U36="","",ROUND(($U36/$U$10)*$V$10,2))),"",IF($U36="","",ROUND(($U36/$U$10)*$V$10,2))) | W36: =IF($V36="","",ROUND($V36*$W$10,2)) | X36: =IF(ISERROR(IF($T36="","",ROUND(SUM($K36,$Q36,$W36),2))),"",IF($T36="","",ROUND(SUM($K36,$Q36,$W36),2))) | Y36: =IF(ISERROR(IF($T36="","",VLOOKUP(X36,NewTransmu,4,TRUE))),"",IF($T36="","",VLOOKUP(X36,NewTransmu,4,TRUE))) | Z36: =IF(ISERROR(IF(Y36="","",VLOOKUP(Y36,DESCRIPTORS,4,TRUE))),"",IF(Y36="","",VLOOKUP(Y36,DESCRIPTORS,4,TRUE))) | AT36: =(R36/$R$10)*100 -> #DIV/0! | AU36: =(S36/$S$10)*100 -> #DIV/0! | AV36: =(T36/$T$10)*100 -> #DIV/0!
A37: =INPUT!A36 -> 0 | B37: =INPUT!B36 -> 0 | C37: =INPUT!C36 -> 0 | I37: =IF(COUNT($D37:$H37)=0,"",SUM($D37:$H37)) | J37: =IF(ISERROR(IF($I37="","",ROUND(($I37/$I$10)*$J$10,2))),"",IF($I37="","",ROUND(($I37/$I$10)*$J$10,2))) | K37: =IF($J37="","",ROUND($J37*$K$10,2)) | O37: =IF(COUNT($L37:$N37)=0,"",SUM($L37:$N37)) | P37: =IF(ISERROR(IF($O37="","",ROUND(($O37/$O$10)*$P$10,2))),"",IF($O37="","",ROUND(($O37/$O$10)*$P$10,2))) | Q37: =IF($P37="","",ROUND($P37*$Q$10,2)) | U37: =IF(COUNT($R37:$T37)=0,"",SUM($R37:$T37)) | V37: =IF(ISERROR(IF($U37="","",ROUND(($U37/$U$10)*$V$10,2))),"",IF($U37="","",ROUND(($U37/$U$10)*$V$10,2))) | W37: =IF($V37="","",ROUND($V37*$W$10,2)) | X37: =IF(ISERROR(IF($T37="","",ROUND(SUM($K37,$Q37,$W37),2))),"",IF($T37="","",ROUND(SUM($K37,$Q37,$W37),2))) | Y37: =IF(ISERROR(IF($T37="","",VLOOKUP(X37,NewTransmu,4,TRUE))),"",IF($T37="","",VLOOKUP(X37,NewTransmu,4,TRUE))) | Z37: =IF(ISERROR(IF(Y37="","",VLOOKUP(Y37,DESCRIPTORS,4,TRUE))),"",IF(Y37="","",VLOOKUP(Y37,DESCRIPTORS,4,TRUE))) | AT37: =(R37/$R$10)*100 -> #DIV/0! | AU37: =(S37/$S$10)*100 -> #DIV/0! | AV37: =(T37/$T$10)*100 -> #DIV/0!
A38: =INPUT!A37 -> 0 | B38: =INPUT!B37 -> 0 | C38: =INPUT!C37 -> 0 | I38: =IF(COUNT($D38:$H38)=0,"",SUM($D38:$H38)) | J38: =IF(ISERROR(IF($I38="","",ROUND(($I38/$I$10)*$J$10,2))),"",IF($I38="","",ROUND(($I38/$I$10)*$J$10,2))) | K38: =IF($J38="","",ROUND($J38*$K$10,2)) | O38: =IF(COUNT($L38:$N38)=0,"",SUM($L38:$N38)) | P38: =IF(ISERROR(IF($O38="","",ROUND(($O38/$O$10)*$P$10,2))),"",IF($O38="","",ROUND(($O38/$O$10)*$P$10,2))) | Q38: =IF($P38="","",ROUND($P38*$Q$10,2)) | U38: =IF(COUNT($R38:$T38)=0,"",SUM($R38:$T38)) | V38: =IF(ISERROR(IF($U38="","",ROUND(($U38/$U$10)*$V$10,2))),"",IF($U38="","",ROUND(($U38/$U$10)*$V$10,2))) | W38: =IF($V38="","",ROUND($V38*$W$10,2)) | X38: =IF(ISERROR(IF($T38="","",ROUND(SUM($K38,$Q38,$W38),2))),"",IF($T38="","",ROUND(SUM($K38,$Q38,$W38),2))) | Y38: =IF(ISERROR(IF($T38="","",VLOOKUP(X38,NewTransmu,4,TRUE))),"",IF($T38="","",VLOOKUP(X38,NewTransmu,4,TRUE))) | Z38: =IF(ISERROR(IF(Y38="","",VLOOKUP(Y38,DESCRIPTORS,4,TRUE))),"",IF(Y38="","",VLOOKUP(Y38,DESCRIPTORS,4,TRUE))) | AT38: =(R38/$R$10)*100 -> #DIV/0! | AU38: =(S38/$S$10)*100 -> #DIV/0! | AV38: =(T38/$T$10)*100 -> #DIV/0!
A39: =INPUT!A38 -> 0 | B39: =INPUT!B38 -> 0 | C39: =INPUT!C38 -> 0 | I39: =IF(COUNT($D39:$H39)=0,"",SUM($D39:$H39)) | J39: =IF(ISERROR(IF($I39="","",ROUND(($I39/$I$10)*$J$10,2))),"",IF($I39="","",ROUND(($I39/$I$10)*$J$10,2))) | K39: =IF($J39="","",ROUND($J39*$K$10,2)) | O39: =IF(COUNT($L39:$N39)=0,"",SUM($L39:$N39)) | P39: =IF(ISERROR(IF($O39="","",ROUND(($O39/$O$10)*$P$10,2))),"",IF($O39="","",ROUND(($O39/$O$10)*$P$10,2))) | Q39: =IF($P39="","",ROUND($P39*$Q$10,2)) | U39: =IF(COUNT($R39:$T39)=0,"",SUM($R39:$T39)) | V39: =IF(ISERROR(IF($U39="","",ROUND(($U39/$U$10)*$V$10,2))),"",IF($U39="","",ROUND(($U39/$U$10)*$V$10,2))) | W39: =IF($V39="","",ROUND($V39*$W$10,2)) | X39: =IF(ISERROR(IF($T39="","",ROUND(SUM($K39,$Q39,$W39),2))),"",IF($T39="","",ROUND(SUM($K39,$Q39,$W39),2))) | Y39: =IF(ISERROR(IF($T39="","",VLOOKUP(X39,NewTransmu,4,TRUE))),"",IF($T39="","",VLOOKUP(X39,NewTransmu,4,TRUE))) | Z39: =IF(ISERROR(IF(Y39="","",VLOOKUP(Y39,DESCRIPTORS,4,TRUE))),"",IF(Y39="","",VLOOKUP(Y39,DESCRIPTORS,4,TRUE))) | AT39: =(R39/$R$10)*100 -> #DIV/0! | AU39: =(S39/$S$10)*100 -> #DIV/0! | AV39: =(T39/$T$10)*100 -> #DIV/0!
A40: =INPUT!A39 -> 0 | B40: =INPUT!B39 -> 0 | C40: =INPUT!C39 -> 0 | I40: =IF(COUNT($D40:$H40)=0,"",SUM($D40:$H40)) | J40: =IF(ISERROR(IF($I40="","",ROUND(($I40/$I$10)*$J$10,2))),"",IF($I40="","",ROUND(($I40/$I$10)*$J$10,2))) | K40: =IF($J40="","",ROUND($J40*$K$10,2)) | O40: =IF(COUNT($L40:$N40)=0,"",SUM($L40:$N40)) | P40: =IF(ISERROR(IF($O40="","",ROUND(($O40/$O$10)*$P$10,2))),"",IF($O40="","",ROUND(($O40/$O$10)*$P$10,2))) | Q40: =IF($P40="","",ROUND($P40*$Q$10,2)) | U40: =IF(COUNT($R40:$T40)=0,"",SUM($R40:$T40)) | V40: =IF(ISERROR(IF($U40="","",ROUND(($U40/$U$10)*$V$10,2))),"",IF($U40="","",ROUND(($U40/$U$10)*$V$10,2))) | W40: =IF($V40="","",ROUND($V40*$W$10,2)) | X40: =IF(ISERROR(IF($T40="","",ROUND(SUM($K40,$Q40,$W40),2))),"",IF($T40="","",ROUND(SUM($K40,$Q40,$W40),2))) | Y40: =IF(ISERROR(IF($T40="","",VLOOKUP(X40,NewTransmu,4,TRUE))),"",IF($T40="","",VLOOKUP(X40,NewTransmu,4,TRUE))) | Z40: =IF(ISERROR(IF(Y40="","",VLOOKUP(Y40,DESCRIPTORS,4,TRUE))),"",IF(Y40="","",VLOOKUP(Y40,DESCRIPTORS,4,TRUE))) | AT40: =(R40/$R$10)*100 -> #DIV/0! | AU40: =(S40/$S$10)*100 -> #DIV/0! | AV40: =(T40/$T$10)*100 -> #DIV/0!
A41: =INPUT!A40 -> 0 | B41: =INPUT!B40 -> 0 | C41: =INPUT!C40 -> 0 | I41: =IF(COUNT($D41:$H41)=0,"",SUM($D41:$H41)) | J41: =IF(ISERROR(IF($I41="","",ROUND(($I41/$I$10)*$J$10,2))),"",IF($I41="","",ROUND(($I41/$I$10)*$J$10,2))) | K41: =IF($J41="","",ROUND($J41*$K$10,2)) | O41: =IF(COUNT($L41:$N41)=0,"",SUM($L41:$N41)) | P41: =IF(ISERROR(IF($O41="","",ROUND(($O41/$O$10)*$P$10,2))),"",IF($O41="","",ROUND(($O41/$O$10)*$P$10,2))) | Q41: =IF($P41="","",ROUND($P41*$Q$10,2)) | U41: =IF(COUNT($R41:$T41)=0,"",SUM($R41:$T41)) | V41: =IF(ISERROR(IF($U41="","",ROUND(($U41/$U$10)*$V$10,2))),"",IF($U41="","",ROUND(($U41/$U$10)*$V$10,2))) | W41: =IF($V41="","",ROUND($V41*$W$10,2)) | X41: =IF(ISERROR(IF($T41="","",ROUND(SUM($K41,$Q41,$W41),2))),"",IF($T41="","",ROUND(SUM($K41,$Q41,$W41),2))) | Y41: =IF(ISERROR(IF($T41="","",VLOOKUP(X41,NewTransmu,4,TRUE))),"",IF($T41="","",VLOOKUP(X41,NewTransmu,4,TRUE))) | Z41: =IF(ISERROR(IF(Y41="","",VLOOKUP(Y41,DESCRIPTORS,4,TRUE))),"",IF(Y41="","",VLOOKUP(Y41,DESCRIPTORS,4,TRUE))) | AT41: =(R41/$R$10)*100 -> #DIV/0! | AU41: =(S41/$S$10)*100 -> #DIV/0! | AV41: =(T41/$T$10)*100 -> #DIV/0!
A42: =INPUT!A41 -> 0 | B42: =INPUT!B41 -> 0 | C42: =INPUT!C41 -> 0 | I42: =IF(COUNT($D42:$H42)=0,"",SUM($D42:$H42)) | J42: =IF(ISERROR(IF($I42="","",ROUND(($I42/$I$10)*$J$10,2))),"",IF($I42="","",ROUND(($I42/$I$10)*$J$10,2))) | K42: =IF($J42="","",ROUND($J42*$K$10,2)) | O42: =IF(COUNT($L42:$N42)=0,"",SUM($L42:$N42)) | P42: =IF(ISERROR(IF($O42="","",ROUND(($O42/$O$10)*$P$10,2))),"",IF($O42="","",ROUND(($O42/$O$10)*$P$10,2))) | Q42: =IF($P42="","",ROUND($P42*$Q$10,2)) | U42: =IF(COUNT($R42:$T42)=0,"",SUM($R42:$T42)) | V42: =IF(ISERROR(IF($U42="","",ROUND(($U42/$U$10)*$V$10,2))),"",IF($U42="","",ROUND(($U42/$U$10)*$V$10,2))) | W42: =IF($V42="","",ROUND($V42*$W$10,2)) | X42: =IF(ISERROR(IF($T42="","",ROUND(SUM($K42,$Q42,$W42),2))),"",IF($T42="","",ROUND(SUM($K42,$Q42,$W42),2))) | Y42: =IF(ISERROR(IF($T42="","",VLOOKUP(X42,NewTransmu,4,TRUE))),"",IF($T42="","",VLOOKUP(X42,NewTransmu,4,TRUE))) | Z42: =IF(ISERROR(IF(Y42="","",VLOOKUP(Y42,DESCRIPTORS,4,TRUE))),"",IF(Y42="","",VLOOKUP(Y42,DESCRIPTORS,4,TRUE))) | AT42: =(R42/$R$10)*100 -> #DIV/0! | AU42: =(S42/$S$10)*100 -> #DIV/0! | AV42: =(T42/$T$10)*100 -> #DIV/0!
A43: =INPUT!A42 -> 0 | B43: =INPUT!B42 -> 0 | C43: =INPUT!C42 -> 0 | I43: =IF(COUNT($D43:$H43)=0,"",SUM($D43:$H43)) | J43: =IF(ISERROR(IF($I43="","",ROUND(($I43/$I$10)*$J$10,2))),"",IF($I43="","",ROUND(($I43/$I$10)*$J$10,2))) | K43: =IF($J43="","",ROUND($J43*$K$10,2)) | O43: =IF(COUNT($L43:$N43)=0,"",SUM($L43:$N43)) | P43: =IF(ISERROR(IF($O43="","",ROUND(($O43/$O$10)*$P$10,2))),"",IF($O43="","",ROUND(($O43/$O$10)*$P$10,2))) | Q43: =IF($P43="","",ROUND($P43*$Q$10,2)) | U43: =IF(COUNT($R43:$T43)=0,"",SUM($R43:$T43)) | V43: =IF(ISERROR(IF($U43="","",ROUND(($U43/$U$10)*$V$10,2))),"",IF($U43="","",ROUND(($U43/$U$10)*$V$10,2))) | W43: =IF($V43="","",ROUND($V43*$W$10,2)) | X43: =IF(ISERROR(IF($T43="","",ROUND(SUM($K43,$Q43,$W43),2))),"",IF($T43="","",ROUND(SUM($K43,$Q43,$W43),2))) | Y43: =IF(ISERROR(IF($T43="","",VLOOKUP(X43,NewTransmu,4,TRUE))),"",IF($T43="","",VLOOKUP(X43,NewTransmu,4,TRUE))) | Z43: =IF(ISERROR(IF(Y43="","",VLOOKUP(Y43,DESCRIPTORS,4,TRUE))),"",IF(Y43="","",VLOOKUP(Y43,DESCRIPTORS,4,TRUE))) | AT43: =(R43/$R$10)*100 -> #DIV/0! | AU43: =(S43/$S$10)*100 -> #DIV/0! | AV43: =(T43/$T$10)*100 -> #DIV/0!
A44: =INPUT!A43 -> 0 | B44: =INPUT!B43 -> 0 | C44: =INPUT!C43 -> 0 | I44: =IF(COUNT($D44:$H44)=0,"",SUM($D44:$H44)) | J44: =IF(ISERROR(IF($I44="","",ROUND(($I44/$I$10)*$J$10,2))),"",IF($I44="","",ROUND(($I44/$I$10)*$J$10,2))) | K44: =IF($J44="","",ROUND($J44*$K$10,2)) | O44: =IF(COUNT($L44:$N44)=0,"",SUM($L44:$N44)) | P44: =IF(ISERROR(IF($O44="","",ROUND(($O44/$O$10)*$P$10,2))),"",IF($O44="","",ROUND(($O44/$O$10)*$P$10,2))) | Q44: =IF($P44="","",ROUND($P44*$Q$10,2)) | U44: =IF(COUNT($R44:$T44)=0,"",SUM($R44:$T44)) | V44: =IF(ISERROR(IF($U44="","",ROUND(($U44/$U$10)*$V$10,2))),"",IF($U44="","",ROUND(($U44/$U$10)*$V$10,2))) | W44: =IF($V44="","",ROUND($V44*$W$10,2)) | X44: =IF(ISERROR(IF($T44="","",ROUND(SUM($K44,$Q44,$W44),2))),"",IF($T44="","",ROUND(SUM($K44,$Q44,$W44),2))) | Y44: =IF(ISERROR(IF($T44="","",VLOOKUP(X44,NewTransmu,4,TRUE))),"",IF($T44="","",VLOOKUP(X44,NewTransmu,4,TRUE))) | Z44: =IF(ISERROR(IF(Y44="","",VLOOKUP(Y44,DESCRIPTORS,4,TRUE))),"",IF(Y44="","",VLOOKUP(Y44,DESCRIPTORS,4,TRUE))) | AT44: =(R44/$R$10)*100 -> #DIV/0! | AU44: =(S44/$S$10)*100 -> #DIV/0! | AV44: =(T44/$T$10)*100 -> #DIV/0!
A45: =INPUT!A44 -> 0 | B45: =INPUT!B44 -> 0 | C45: =INPUT!C44 -> 0 | I45: =IF(COUNT($D45:$H45)=0,"",SUM($D45:$H45)) | J45: =IF(ISERROR(IF($I45="","",ROUND(($I45/$I$10)*$J$10,2))),"",IF($I45="","",ROUND(($I45/$I$10)*$J$10,2))) | K45: =IF($J45="","",ROUND($J45*$K$10,2)) | O45: =IF(COUNT($L45:$N45)=0,"",SUM($L45:$N45)) | P45: =IF(ISERROR(IF($O45="","",ROUND(($O45/$O$10)*$P$10,2))),"",IF($O45="","",ROUND(($O45/$O$10)*$P$10,2))) | Q45: =IF($P45="","",ROUND($P45*$Q$10,2)) | U45: =IF(COUNT($R45:$T45)=0,"",SUM($R45:$T45)) | V45: =IF(ISERROR(IF($U45="","",ROUND(($U45/$U$10)*$V$10,2))),"",IF($U45="","",ROUND(($U45/$U$10)*$V$10,2))) | W45: =IF($V45="","",ROUND($V45*$W$10,2)) | X45: =IF(ISERROR(IF($T45="","",ROUND(SUM($K45,$Q45,$W45),2))),"",IF($T45="","",ROUND(SUM($K45,$Q45,$W45),2))) | Y45: =IF(ISERROR(IF($T45="","",VLOOKUP(X45,NewTransmu,4,TRUE))),"",IF($T45="","",VLOOKUP(X45,NewTransmu,4,TRUE))) | Z45: =IF(ISERROR(IF(Y45="","",VLOOKUP(Y45,DESCRIPTORS,4,TRUE))),"",IF(Y45="","",VLOOKUP(Y45,DESCRIPTORS,4,TRUE))) | AT45: =(R45/$R$10)*100 -> #DIV/0! | AU45: =(S45/$S$10)*100 -> #DIV/0! | AV45: =(T45/$T$10)*100 -> #DIV/0!
... A61: =INPUT!A60 -> 0 | B61: =INPUT!B60 -> 0 | C61: =INPUT!C60 -> 0 | I61: =IF(COUNT($D61:$H61)=0,"",SUM($D61:$H61)) | J61: =IF(ISERROR(IF($I61="","",ROUND(($I61/$I$10)*$J$10,2))),"",IF($I61="","",ROUND(($I61/$I$10)*$J$10,2))) | K61: =IF($J61="","",ROUND($J61*$K$10,2)) | O61: =IF(COUNT($L61:$N61)=0,"",SUM($L61:$N61)) | P61: =IF(ISERROR(IF($O61="","",ROUND(($O61/$O$10)*$P$10,2))),"",IF($O61="","",ROUND(($O61/$O$10)*$P$10,2))) | Q61: =IF($P61="","",ROUND($P61*$Q$10,2)) | U61: =IF(COUNT($R61:$T61)=0,"",SUM($R61:$T61)) | V61: =IF(ISERROR(IF($U61="","",ROUND(($U61/$U$10)*$V$10,2))),"",IF($U61="","",ROUND(($U61/$U$10)*$V$10,2))) | W61: =IF($V61="","",ROUND($V61*$W$10,2)) | X61: =IF(ISERROR(IF($T61="","",ROUND(SUM($K61,$Q61,$W61),2))),"",IF($T61="","",ROUND(SUM($K61,$Q61,$W61),2))) | Y61: =IF(ISERROR(IF($T61="","",VLOOKUP(X61,NewTransmu,4,TRUE))),"",IF($T61="","",VLOOKUP(X61,NewTransmu,4,TRUE))) | Z61: =IF(ISERROR(IF(Y61="","",VLOOKUP(Y61,DESCRIPTORS,4,TRUE))),"",IF(Y61="","",VLOOKUP(Y61,DESCRIPTORS,4,TRUE))) | AT61: =(R61/$R$10)*100 -> #DIV/0! | AU61: =(S61/$S$10)*100 -> #DIV/0! | AV61: =(T61/$T$10)*100 -> #DIV/0!
I62: =IF(COUNT($D62:$H62)=0,"",SUM($D62:$H62)) | J62: =IF(ISERROR(IF($I62="","",ROUND(($I62/$I$10)*$J$10,2))),"",IF($I62="","",ROUND(($I62/$I$10)*$J$10,2))) | K62: =IF($J62="","",ROUND($J62*$K$10,2)) | O62: =IF(COUNT($L62:$N62)=0,"",SUM($L62:$N62)) | P62: =IF(ISERROR(IF($O62="","",ROUND(($O62/$O$10)*$P$10,2))),"",IF($O62="","",ROUND(($O62/$O$10)*$P$10,2))) | Q62: =IF($P62="","",ROUND($P62*$Q$10,2)) | U62: =IF(COUNT($R62:$T62)=0,"",SUM($R62:$T62)) | V62: =IF(ISERROR(IF($U62="","",ROUND(($U62/$U$10)*$V$10,2))),"",IF($U62="","",ROUND(($U62/$U$10)*$V$10,2))) | W62: =IF($V62="","",ROUND($V62*$W$10,2)) | X62: =IF(ISERROR(IF($T62="","",ROUND(SUM($K62,$Q62,$W62),2))),"",IF($T62="","",ROUND(SUM($K62,$Q62,$W62),2))) | Y62: =IF(ISERROR(IF($T62="","",VLOOKUP(X62,NewTransmu,4,TRUE))),"",IF($T62="","",VLOOKUP(X62,NewTransmu,4,TRUE))) | Z62: =IF(ISERROR(IF(Y62="","",VLOOKUP(Y62,DESCRIPTORS,4,TRUE))),"",IF(Y62="","",VLOOKUP(Y62,DESCRIPTORS,4,TRUE))) | AT62: =(R62/$R$10)*100 -> #DIV/0! | AU62: =(S62/$S$10)*100 -> #DIV/0! | AV62: =(T62/$T$10)*100 -> #DIV/0!
A63: {end_boys_numbering} | B63: {boys_end_id} | C63: {end_boys}
B64: FEMALE | AT64: =(R64/$R$10)*100 -> #DIV/0! | AU64: =(S64/$S$10)*100 -> #DIV/0! | AV64: =(T64/$T$10)*100 -> #DIV/0!
A65: {start_girls_numbering} | B65: {girls_start_id} | C65: {start_girls}
A66: =INPUT!A64 -> 1 | B66: =INPUT!B64 -> 2022-00020 | C66: =INPUT!C64 -> Araquil, Jheane Joel | I66: =IF(COUNT($D66:$H66)=0,"",SUM($D66:$H66)) | J66: =IF(ISERROR(IF($I66="","",ROUND(($I66/$I$10)*$J$10,2))),"",IF($I66="","",ROUND(($I66/$I$10)*$J$10,2))) | K66: =IF($J66="","",ROUND($J66*$K$10,2)) | O66: =IF(COUNT($L66:$N66)=0,"",SUM($L66:$N66)) | P66: =IF(ISERROR(IF($O66="","",ROUND(($O66/$O$10)*$P$10,2))),"",IF($O66="","",ROUND(($O66/$O$10)*$P$10,2))) | Q66: =IF($P66="","",ROUND($P66*$Q$10,2)) | U66: =IF(COUNT($R66:$T66)=0,"",SUM($R66:$T66)) | V66: =IF(ISERROR(IF($U66="","",ROUND(($U66/$U$10)*$V$10,2))),"",IF($U66="","",ROUND(($U66/$U$10)*$V$10,2))) | W66: =IF($V66="","",ROUND($V66*$W$10,2)) | X66: =IF(ISERROR(IF($T66="","",ROUND(SUM($K66,$Q66,$W66),2))),"",IF($T66="","",ROUND(SUM($K66,$Q66,$W66),2))) | Y66: =IF(ISERROR(IF($T66="","",VLOOKUP(X66,NewTransmu,4,TRUE))),"",IF($T66="","",VLOOKUP(X66,NewTransmu,4,TRUE))) | Z66: =IF(ISERROR(IF(Y66="","",VLOOKUP(Y66,DESCRIPTORS,4,TRUE))),"",IF(Y66="","",VLOOKUP(Y66,DESCRIPTORS,4,TRUE))) | AT66: =(R66/$R$10)*100 -> #DIV/0! | AU66: =(S66/$S$10)*100 -> #DIV/0! | AV66: =(T66/$T$10)*100 -> #DIV/0!
A67: =INPUT!A65 -> 2 | B67: =INPUT!B65 -> 2022-00021 | C67: =INPUT!C65 -> Balacuit, Kyle Anjheilee | I67: =IF(COUNT($D67:$H67)=0,"",SUM($D67:$H67)) | J67: =IF(ISERROR(IF($I67="","",ROUND(($I67/$I$10)*$J$10,2))),"",IF($I67="","",ROUND(($I67/$I$10)*$J$10,2))) | K67: =IF($J67="","",ROUND($J67*$K$10,2)) | O67: =IF(COUNT($L67:$N67)=0,"",SUM($L67:$N67)) | P67: =IF(ISERROR(IF($O67="","",ROUND(($O67/$O$10)*$P$10,2))),"",IF($O67="","",ROUND(($O67/$O$10)*$P$10,2))) | Q67: =IF($P67="","",ROUND($P67*$Q$10,2)) | U67: =IF(COUNT($R67:$T67)=0,"",SUM($R67:$T67)) | V67: =IF(ISERROR(IF($U67="","",ROUND(($U67/$U$10)*$V$10,2))),"",IF($U67="","",ROUND(($U67/$U$10)*$V$10,2))) | W67: =IF($V67="","",ROUND($V67*$W$10,2)) | X67: =IF(ISERROR(IF($T67="","",ROUND(SUM($K67,$Q67,$W67),2))),"",IF($T67="","",ROUND(SUM($K67,$Q67,$W67),2))) | Y67: =IF(ISERROR(IF($T67="","",VLOOKUP(X67,NewTransmu,4,TRUE))),"",IF($T67="","",VLOOKUP(X67,NewTransmu,4,TRUE))) | Z67: =IF(ISERROR(IF(Y67="","",VLOOKUP(Y67,DESCRIPTORS,4,TRUE))),"",IF(Y67="","",VLOOKUP(Y67,DESCRIPTORS,4,TRUE))) | AT67: =(R67/$R$10)*100 -> #DIV/0! | AU67: =(S67/$S$10)*100 -> #DIV/0! | AV67: =(T67/$T$10)*100 -> #DIV/0!
A68: =INPUT!A66 -> 3 | B68: =INPUT!B66 -> 2022-00022 | C68: =INPUT!C66 -> Barcelona, Jannah Grich | I68: =IF(COUNT($D68:$H68)=0,"",SUM($D68:$H68)) | J68: =IF(ISERROR(IF($I68="","",ROUND(($I68/$I$10)*$J$10,2))),"",IF($I68="","",ROUND(($I68/$I$10)*$J$10,2))) | K68: =IF($J68="","",ROUND($J68*$K$10,2)) | O68: =IF(COUNT($L68:$N68)=0,"",SUM($L68:$N68)) | P68: =IF(ISERROR(IF($O68="","",ROUND(($O68/$O$10)*$P$10,2))),"",IF($O68="","",ROUND(($O68/$O$10)*$P$10,2))) | Q68: =IF($P68="","",ROUND($P68*$Q$10,2)) | U68: =IF(COUNT($R68:$T68)=0,"",SUM($R68:$T68)) | V68: =IF(ISERROR(IF($U68="","",ROUND(($U68/$U$10)*$V$10,2))),"",IF($U68="","",ROUND(($U68/$U$10)*$V$10,2))) | W68: =IF($V68="","",ROUND($V68*$W$10,2)) | X68: =IF(ISERROR(IF($T68="","",ROUND(SUM($K68,$Q68,$W68),2))),"",IF($T68="","",ROUND(SUM($K68,$Q68,$W68),2))) | Y68: =IF(ISERROR(IF($T68="","",VLOOKUP(X68,NewTransmu,4,TRUE))),"",IF($T68="","",VLOOKUP(X68,NewTransmu,4,TRUE))) | Z68: =IF(ISERROR(IF(Y68="","",VLOOKUP(Y68,DESCRIPTORS,4,TRUE))),"",IF(Y68="","",VLOOKUP(Y68,DESCRIPTORS,4,TRUE))) | AT68: =(R68/$R$10)*100 -> #DIV/0! | AU68: =(S68/$S$10)*100 -> #DIV/0! | AV68: =(T68/$T$10)*100 -> #DIV/0!
A69: =INPUT!A67 -> 4 | B69: =INPUT!B67 -> 2022-00421 | C69: =INPUT!C67 -> Bartonico, Flenzeu | I69: =IF(COUNT($D69:$H69)=0,"",SUM($D69:$H69)) | J69: =IF(ISERROR(IF($I69="","",ROUND(($I69/$I$10)*$J$10,2))),"",IF($I69="","",ROUND(($I69/$I$10)*$J$10,2))) | K69: =IF($J69="","",ROUND($J69*$K$10,2)) | O69: =IF(COUNT($L69:$N69)=0,"",SUM($L69:$N69)) | P69: =IF(ISERROR(IF($O69="","",ROUND(($O69/$O$10)*$P$10,2))),"",IF($O69="","",ROUND(($O69/$O$10)*$P$10,2))) | Q69: =IF($P69="","",ROUND($P69*$Q$10,2)) | U69: =IF(COUNT($R69:$T69)=0,"",SUM($R69:$T69)) | V69: =IF(ISERROR(IF($U69="","",ROUND(($U69/$U$10)*$V$10,2))),"",IF($U69="","",ROUND(($U69/$U$10)*$V$10,2))) | W69: =IF($V69="","",ROUND($V69*$W$10,2)) | X69: =IF(ISERROR(IF($T69="","",ROUND(SUM($K69,$Q69,$W69),2))),"",IF($T69="","",ROUND(SUM($K69,$Q69,$W69),2))) | Y69: =IF(ISERROR(IF($T69="","",VLOOKUP(X69,NewTransmu,4,TRUE))),"",IF($T69="","",VLOOKUP(X69,NewTransmu,4,TRUE))) | Z69: =IF(ISERROR(IF(Y69="","",VLOOKUP(Y69,DESCRIPTORS,4,TRUE))),"",IF(Y69="","",VLOOKUP(Y69,DESCRIPTORS,4,TRUE))) | AT69: =(R69/$R$10)*100 -> #DIV/0! | AU69: =(S69/$S$10)*100 -> #DIV/0! | AV69: =(T69/$T$10)*100 -> #DIV/0!
A70: =INPUT!A68 -> 5 | B70: =INPUT!B68 -> 2022-00422 | C70: =INPUT!C68 -> Bernaldo, Rutchyl Gem | I70: =IF(COUNT($D70:$H70)=0,"",SUM($D70:$H70)) | J70: =IF(ISERROR(IF($I70="","",ROUND(($I70/$I$10)*$J$10,2))),"",IF($I70="","",ROUND(($I70/$I$10)*$J$10,2))) | K70: =IF($J70="","",ROUND($J70*$K$10,2)) | O70: =IF(COUNT($L70:$N70)=0,"",SUM($L70:$N70)) | P70: =IF(ISERROR(IF($O70="","",ROUND(($O70/$O$10)*$P$10,2))),"",IF($O70="","",ROUND(($O70/$O$10)*$P$10,2))) | Q70: =IF($P70="","",ROUND($P70*$Q$10,2)) | U70: =IF(COUNT($R70:$T70)=0,"",SUM($R70:$T70)) | V70: =IF(ISERROR(IF($U70="","",ROUND(($U70/$U$10)*$V$10,2))),"",IF($U70="","",ROUND(($U70/$U$10)*$V$10,2))) | W70: =IF($V70="","",ROUND($V70*$W$10,2)) | X70: =IF(ISERROR(IF($T70="","",ROUND(SUM($K70,$Q70,$W70),2))),"",IF($T70="","",ROUND(SUM($K70,$Q70,$W70),2))) | Y70: =IF(ISERROR(IF($T70="","",VLOOKUP(X70,NewTransmu,4,TRUE))),"",IF($T70="","",VLOOKUP(X70,NewTransmu,4,TRUE))) | Z70: =IF(ISERROR(IF(Y70="","",VLOOKUP(Y70,DESCRIPTORS,4,TRUE))),"",IF(Y70="","",VLOOKUP(Y70,DESCRIPTORS,4,TRUE))) | AT70: =(R70/$R$10)*100 -> #DIV/0! | AU70: =(S70/$S$10)*100 -> #DIV/0! | AV70: =(T70/$T$10)*100 -> #DIV/0!
A71: =INPUT!A69 -> 6 | B71: =INPUT!B69 -> 2022-00023 | C71: =INPUT!C69 -> Borja, Wins Daughter | I71: =IF(COUNT($D71:$H71)=0,"",SUM($D71:$H71)) | J71: =IF(ISERROR(IF($I71="","",ROUND(($I71/$I$10)*$J$10,2))),"",IF($I71="","",ROUND(($I71/$I$10)*$J$10,2))) | K71: =IF($J71="","",ROUND($J71*$K$10,2)) | O71: =IF(COUNT($L71:$N71)=0,"",SUM($L71:$N71)) | P71: =IF(ISERROR(IF($O71="","",ROUND(($O71/$O$10)*$P$10,2))),"",IF($O71="","",ROUND(($O71/$O$10)*$P$10,2))) | Q71: =IF($P71="","",ROUND($P71*$Q$10,2)) | U71: =IF(COUNT($R71:$T71)=0,"",SUM($R71:$T71)) | V71: =IF(ISERROR(IF($U71="","",ROUND(($U71/$U$10)*$V$10,2))),"",IF($U71="","",ROUND(($U71/$U$10)*$V$10,2))) | W71: =IF($V71="","",ROUND($V71*$W$10,2)) | X71: =IF(ISERROR(IF($T71="","",ROUND(SUM($K71,$Q71,$W71),2))),"",IF($T71="","",ROUND(SUM($K71,$Q71,$W71),2))) | Y71: =IF(ISERROR(IF($T71="","",VLOOKUP(X71,NewTransmu,4,TRUE))),"",IF($T71="","",VLOOKUP(X71,NewTransmu,4,TRUE))) | Z71: =IF(ISERROR(IF(Y71="","",VLOOKUP(Y71,DESCRIPTORS,4,TRUE))),"",IF(Y71="","",VLOOKUP(Y71,DESCRIPTORS,4,TRUE))) | AT71: =(R71/$R$10)*100 -> #DIV/0! | AU71: =(S71/$S$10)*100 -> #DIV/0! | AV71: =(T71/$T$10)*100 -> #DIV/0!
A72: =INPUT!A70 -> 7 | B72: =INPUT!B70 -> 2023-00520 | C72: =INPUT!C70 -> CABIGAS, HUETTE EVANNY | I72: =IF(COUNT($D72:$H72)=0,"",SUM($D72:$H72)) | J72: =IF(ISERROR(IF($I72="","",ROUND(($I72/$I$10)*$J$10,2))),"",IF($I72="","",ROUND(($I72/$I$10)*$J$10,2))) | K72: =IF($J72="","",ROUND($J72*$K$10,2)) | O72: =IF(COUNT($L72:$N72)=0,"",SUM($L72:$N72)) | P72: =IF(ISERROR(IF($O72="","",ROUND(($O72/$O$10)*$P$10,2))),"",IF($O72="","",ROUND(($O72/$O$10)*$P$10,2))) | Q72: =IF($P72="","",ROUND($P72*$Q$10,2)) | U72: =IF(COUNT($R72:$T72)=0,"",SUM($R72:$T72)) | V72: =IF(ISERROR(IF($U72="","",ROUND(($U72/$U$10)*$V$10,2))),"",IF($U72="","",ROUND(($U72/$U$10)*$V$10,2))) | W72: =IF($V72="","",ROUND($V72*$W$10,2)) | X72: =IF(ISERROR(IF($T72="","",ROUND(SUM($K72,$Q72,$W72),2))),"",IF($T72="","",ROUND(SUM($K72,$Q72,$W72),2))) | Y72: =IF(ISERROR(IF($T72="","",VLOOKUP(X72,NewTransmu,4,TRUE))),"",IF($T72="","",VLOOKUP(X72,NewTransmu,4,TRUE))) | Z72: =IF(ISERROR(IF(Y72="","",VLOOKUP(Y72,DESCRIPTORS,4,TRUE))),"",IF(Y72="","",VLOOKUP(Y72,DESCRIPTORS,4,TRUE))) | AT72: =(R72/$R$10)*100 -> #DIV/0! | AU72: =(S72/$S$10)*100 -> #DIV/0! | AV72: =(T72/$T$10)*100 -> #DIV/0!
A73: =INPUT!A71 -> 8 | B73: =INPUT!B71 -> 2023-00518 | C73: =INPUT!C71 -> CAHANAP, ALESSA KRISTINE | I73: =IF(COUNT($D73:$H73)=0,"",SUM($D73:$H73)) | J73: =IF(ISERROR(IF($I73="","",ROUND(($I73/$I$10)*$J$10,2))),"",IF($I73="","",ROUND(($I73/$I$10)*$J$10,2))) | K73: =IF($J73="","",ROUND($J73*$K$10,2)) | O73: =IF(COUNT($L73:$N73)=0,"",SUM($L73:$N73)) | P73: =IF(ISERROR(IF($O73="","",ROUND(($O73/$O$10)*$P$10,2))),"",IF($O73="","",ROUND(($O73/$O$10)*$P$10,2))) | Q73: =IF($P73="","",ROUND($P73*$Q$10,2)) | U73: =IF(COUNT($R73:$T73)=0,"",SUM($R73:$T73)) | V73: =IF(ISERROR(IF($U73="","",ROUND(($U73/$U$10)*$V$10,2))),"",IF($U73="","",ROUND(($U73/$U$10)*$V$10,2))) | W73: =IF($V73="","",ROUND($V73*$W$10,2)) | X73: =IF(ISERROR(IF($T73="","",ROUND(SUM($K73,$Q73,$W73),2))),"",IF($T73="","",ROUND(SUM($K73,$Q73,$W73),2))) | Y73: =IF(ISERROR(IF($T73="","",VLOOKUP(X73,NewTransmu,4,TRUE))),"",IF($T73="","",VLOOKUP(X73,NewTransmu,4,TRUE))) | Z73: =IF(ISERROR(IF(Y73="","",VLOOKUP(Y73,DESCRIPTORS,4,TRUE))),"",IF(Y73="","",VLOOKUP(Y73,DESCRIPTORS,4,TRUE))) | AT73: =(R73/$R$10)*100 -> #DIV/0! | AU73: =(S73/$S$10)*100 -> #DIV/0! | AV73: =(T73/$T$10)*100 -> #DIV/0!
A74: =INPUT!A72 -> 9 | B74: =INPUT!B72 -> 2022-00025 | C74: =INPUT!C72 -> Catubay, Cyril Jhean | I74: =IF(COUNT($D74:$H74)=0,"",SUM($D74:$H74)) | J74: =IF(ISERROR(IF($I74="","",ROUND(($I74/$I$10)*$J$10,2))),"",IF($I74="","",ROUND(($I74/$I$10)*$J$10,2))) | K74: =IF($J74="","",ROUND($J74*$K$10,2)) | O74: =IF(COUNT($L74:$N74)=0,"",SUM($L74:$N74)) | P74: =IF(ISERROR(IF($O74="","",ROUND(($O74/$O$10)*$P$10,2))),"",IF($O74="","",ROUND(($O74/$O$10)*$P$10,2))) | Q74: =IF($P74="","",ROUND($P74*$Q$10,2)) | U74: =IF(COUNT($R74:$T74)=0,"",SUM($R74:$T74)) | V74: =IF(ISERROR(IF($U74="","",ROUND(($U74/$U$10)*$V$10,2))),"",IF($U74="","",ROUND(($U74/$U$10)*$V$10,2))) | W74: =IF($V74="","",ROUND($V74*$W$10,2)) | X74: =IF(ISERROR(IF($T74="","",ROUND(SUM($K74,$Q74,$W74),2))),"",IF($T74="","",ROUND(SUM($K74,$Q74,$W74),2))) | Y74: =IF(ISERROR(IF($T74="","",VLOOKUP(X74,NewTransmu,4,TRUE))),"",IF($T74="","",VLOOKUP(X74,NewTransmu,4,TRUE))) | Z74: =IF(ISERROR(IF(Y74="","",VLOOKUP(Y74,DESCRIPTORS,4,TRUE))),"",IF(Y74="","",VLOOKUP(Y74,DESCRIPTORS,4,TRUE))) | AT74: =(R74/$R$10)*100 -> #DIV/0! | AU74: =(S74/$S$10)*100 -> #DIV/0! | AV74: =(T74/$T$10)*100 -> #DIV/0!
A75: =INPUT!A73 -> 10 | B75: =INPUT!B73 -> 2022-00026 | C75: =INPUT!C73 -> Dolotallas, Ashanti Leigh | I75: =IF(COUNT($D75:$H75)=0,"",SUM($D75:$H75)) | J75: =IF(ISERROR(IF($I75="","",ROUND(($I75/$I$10)*$J$10,2))),"",IF($I75="","",ROUND(($I75/$I$10)*$J$10,2))) | K75: =IF($J75="","",ROUND($J75*$K$10,2)) | O75: =IF(COUNT($L75:$N75)=0,"",SUM($L75:$N75)) | P75: =IF(ISERROR(IF($O75="","",ROUND(($O75/$O$10)*$P$10,2))),"",IF($O75="","",ROUND(($O75/$O$10)*$P$10,2))) | Q75: =IF($P75="","",ROUND($P75*$Q$10,2)) | U75: =IF(COUNT($R75:$T75)=0,"",SUM($R75:$T75)) | V75: =IF(ISERROR(IF($U75="","",ROUND(($U75/$U$10)*$V$10,2))),"",IF($U75="","",ROUND(($U75/$U$10)*$V$10,2))) | W75: =IF($V75="","",ROUND($V75*$W$10,2)) | X75: =IF(ISERROR(IF($T75="","",ROUND(SUM($K75,$Q75,$W75),2))),"",IF($T75="","",ROUND(SUM($K75,$Q75,$W75),2))) | Y75: =IF(ISERROR(IF($T75="","",VLOOKUP(X75,NewTransmu,4,TRUE))),"",IF($T75="","",VLOOKUP(X75,NewTransmu,4,TRUE))) | Z75: =IF(ISERROR(IF(Y75="","",VLOOKUP(Y75,DESCRIPTORS,4,TRUE))),"",IF(Y75="","",VLOOKUP(Y75,DESCRIPTORS,4,TRUE))) | AT75: =(R75/$R$10)*100 -> #DIV/0! | AU75: =(S75/$S$10)*100 -> #DIV/0! | AV75: =(T75/$T$10)*100 -> #DIV/0!
A76: =INPUT!A74 -> 11 | B76: =INPUT!B74 -> 2022-00027 | C76: =INPUT!C74 -> Egay, Charice | I76: =IF(COUNT($D76:$H76)=0,"",SUM($D76:$H76)) | J76: =IF(ISERROR(IF($I76="","",ROUND(($I76/$I$10)*$J$10,2))),"",IF($I76="","",ROUND(($I76/$I$10)*$J$10,2))) | K76: =IF($J76="","",ROUND($J76*$K$10,2)) | O76: =IF(COUNT($L76:$N76)=0,"",SUM($L76:$N76)) | P76: =IF(ISERROR(IF($O76="","",ROUND(($O76/$O$10)*$P$10,2))),"",IF($O76="","",ROUND(($O76/$O$10)*$P$10,2))) | Q76: =IF($P76="","",ROUND($P76*$Q$10,2)) | U76: =IF(COUNT($R76:$T76)=0,"",SUM($R76:$T76)) | V76: =IF(ISERROR(IF($U76="","",ROUND(($U76/$U$10)*$V$10,2))),"",IF($U76="","",ROUND(($U76/$U$10)*$V$10,2))) | W76: =IF($V76="","",ROUND($V76*$W$10,2)) | X76: =IF(ISERROR(IF($T76="","",ROUND(SUM($K76,$Q76,$W76),2))),"",IF($T76="","",ROUND(SUM($K76,$Q76,$W76),2))) | Y76: =IF(ISERROR(IF($T76="","",VLOOKUP(X76,NewTransmu,4,TRUE))),"",IF($T76="","",VLOOKUP(X76,NewTransmu,4,TRUE))) | Z76: =IF(ISERROR(IF(Y76="","",VLOOKUP(Y76,DESCRIPTORS,4,TRUE))),"",IF(Y76="","",VLOOKUP(Y76,DESCRIPTORS,4,TRUE))) | AT76: =(R76/$R$10)*100 -> #DIV/0! | AU76: =(S76/$S$10)*100 -> #DIV/0! | AV76: =(T76/$T$10)*100 -> #DIV/0!
A77: =INPUT!A75 -> 12 | B77: =INPUT!B75 -> 2022-00028 | C77: =INPUT!C75 -> Ferraren, Abegail Jane | I77: =IF(COUNT($D77:$H77)=0,"",SUM($D77:$H77)) | J77: =IF(ISERROR(IF($I77="","",ROUND(($I77/$I$10)*$J$10,2))),"",IF($I77="","",ROUND(($I77/$I$10)*$J$10,2))) | K77: =IF($J77="","",ROUND($J77*$K$10,2)) | O77: =IF(COUNT($L77:$N77)=0,"",SUM($L77:$N77)) | P77: =IF(ISERROR(IF($O77="","",ROUND(($O77/$O$10)*$P$10,2))),"",IF($O77="","",ROUND(($O77/$O$10)*$P$10,2))) | Q77: =IF($P77="","",ROUND($P77*$Q$10,2)) | U77: =IF(COUNT($R77:$T77)=0,"",SUM($R77:$T77)) | V77: =IF(ISERROR(IF($U77="","",ROUND(($U77/$U$10)*$V$10,2))),"",IF($U77="","",ROUND(($U77/$U$10)*$V$10,2))) | W77: =IF($V77="","",ROUND($V77*$W$10,2)) | X77: =IF(ISERROR(IF($T77="","",ROUND(SUM($K77,$Q77,$W77),2))),"",IF($T77="","",ROUND(SUM($K77,$Q77,$W77),2))) | Y77: =IF(ISERROR(IF($T77="","",VLOOKUP(X77,NewTransmu,4,TRUE))),"",IF($T77="","",VLOOKUP(X77,NewTransmu,4,TRUE))) | Z77: =IF(ISERROR(IF(Y77="","",VLOOKUP(Y77,DESCRIPTORS,4,TRUE))),"",IF(Y77="","",VLOOKUP(Y77,DESCRIPTORS,4,TRUE))) | AT77: =(R77/$R$10)*100 -> #DIV/0! | AU77: =(S77/$S$10)*100 -> #DIV/0! | AV77: =(T77/$T$10)*100 -> #DIV/0!
... A113: =INPUT!A111 -> 0 | B113: =INPUT!B111 -> 0 | C113: =INPUT!C111 -> 0 | I113: =IF(COUNT($D113:$H113)=0,"",SUM($D113:$H113)) | J113: =IF(ISERROR(IF($I113="","",ROUND(($I113/$I$10)*$J$10,2))),"",IF($I113="","",ROUND(($I113/$I$10)*$J$10,2))) | K113: =IF($J113="","",ROUND($J113*$K$10,2)) | O113: =IF(COUNT($L113:$N113)=0,"",SUM($L113:$N113)) | P113: =IF(ISERROR(IF($O113="","",ROUND(($O113/$O$10)*$P$10,2))),"",IF($O113="","",ROUND(($O113/$O$10)*$P$10,2))) | Q113: =IF($P113="","",ROUND($P113*$Q$10,2)) | U113: =IF(COUNT($R113:$T113)=0,"",SUM($R113:$T113)) | V113: =IF(ISERROR(IF($U113="","",ROUND(($U113/$U$10)*$V$10,2))),"",IF($U113="","",ROUND(($U113/$U$10)*$V$10,2))) | W113: =IF($V113="","",ROUND($V113*$W$10,2)) | X113: =IF(ISERROR(IF($T113="","",ROUND(SUM($K113,$Q113,$W113),2))),"",IF($T113="","",ROUND(SUM($K113,$Q113,$W113),2))) | Y113: =IF(ISERROR(IF($T113="","",VLOOKUP(X113,NewTransmu,4,TRUE))),"",IF($T113="","",VLOOKUP(X113,NewTransmu,4,TRUE))) | Z113: =IF(ISERROR(IF(Y113="","",VLOOKUP(Y113,DESCRIPTORS,4,TRUE))),"",IF(Y113="","",VLOOKUP(Y113,DESCRIPTORS,4,TRUE))) | AT113: =(R113/$R$10)*100 -> #DIV/0! | AU113: =(S113/$S$10)*100 -> #DIV/0! | AV113: =(T113/$T$10)*100 -> #DIV/0!
I114: =IF(COUNT($D114:$H114)=0,"",SUM($D114:$H114)) | J114: =IF(ISERROR(IF($I114="","",ROUND(($I114/$I$10)*$J$10,2))),"",IF($I114="","",ROUND(($I114/$I$10)*$J$10,2))) | K114: =IF($J114="","",ROUND($J114*$K$10,2)) | O114: =IF(COUNT($L114:$N114)=0,"",SUM($L114:$N114)) | P114: =IF(ISERROR(IF($O114="","",ROUND(($O114/$O$10)*$P$10,2))),"",IF($O114="","",ROUND(($O114/$O$10)*$P$10,2))) | Q114: =IF($P114="","",ROUND($P114*$Q$10,2)) | U114: =IF(COUNT($R114:$T114)=0,"",SUM($R114:$T114)) | V114: =IF(ISERROR(IF($U114="","",ROUND(($U114/$U$10)*$V$10,2))),"",IF($U114="","",ROUND(($U114/$U$10)*$V$10,2))) | W114: =IF($V114="","",ROUND($V114*$W$10,2)) | X114: =IF(ISERROR(IF($T114="","",ROUND(SUM($K114,$Q114,$W114),2))),"",IF($T114="","",ROUND(SUM($K114,$Q114,$W114),2))) | Y114: =IF(ISERROR(IF($T114="","",VLOOKUP(X114,NewTransmu,4,TRUE))),"",IF($T114="","",VLOOKUP(X114,NewTransmu,4,TRUE))) | Z114: =IF(ISERROR(IF(Y114="","",VLOOKUP(Y114,DESCRIPTORS,4,TRUE))),"",IF(Y114="","",VLOOKUP(Y114,DESCRIPTORS,4,TRUE))) | AT114: =(R114/$R$10)*100 -> #DIV/0! | AU114: =(S114/$S$10)*100 -> #DIV/0! | AV114: =(T114/$T$10)*100 -> #DIV/0!
I115: =IF(COUNT($D115:$H115)=0,"",SUM($D115:$H115)) | J115: =IF(ISERROR(IF($I115="","",ROUND(($I115/$I$10)*$J$10,2))),"",IF($I115="","",ROUND(($I115/$I$10)*$J$10,2))) | K115: =IF($J115="","",ROUND($J115*$K$10,2)) | O115: =IF(COUNT($L115:$N115)=0,"",SUM($L115:$N115)) | P115: =IF(ISERROR(IF($O115="","",ROUND(($O115/$O$10)*$P$10,2))),"",IF($O115="","",ROUND(($O115/$O$10)*$P$10,2))) | Q115: =IF($P115="","",ROUND($P115*$Q$10,2)) | U115: =IF(COUNT($R115:$T115)=0,"",SUM($R115:$T115)) | V115: =IF(ISERROR(IF($U115="","",ROUND(($U115/$U$10)*$V$10,2))),"",IF($U115="","",ROUND(($U115/$U$10)*$V$10,2))) | W115: =IF($V115="","",ROUND($V115*$W$10,2)) | X115: =IF(ISERROR(IF($T115="","",ROUND(SUM($K115,$Q115,$W115),2))),"",IF($T115="","",ROUND(SUM($K115,$Q115,$W115),2))) | Y115: =IF(ISERROR(IF($T115="","",VLOOKUP(X115,NewTransmu,4,TRUE))),"",IF($T115="","",VLOOKUP(X115,NewTransmu,4,TRUE))) | Z115: =IF(ISERROR(IF(Y115="","",VLOOKUP(Y115,DESCRIPTORS,4,TRUE))),"",IF(Y115="","",VLOOKUP(Y115,DESCRIPTORS,4,TRUE))) | AT115: =(R115/$R$10)*100 -> #DIV/0! | AU115: =(S115/$S$10)*100 -> #DIV/0! | AV115: =(T115/$T$10)*100 -> #DIV/0!
A116: {end_girls_numbering} | B116: {girls_end_id} | C116: {end_girls} | I116: =IF(COUNT($D116:$H116)=0,"",SUM($D116:$H116)) | J116: =IF(ISERROR(IF($I116="","",ROUND(($I116/$I$10)*$J$10,2))),"",IF($I116="","",ROUND(($I116/$I$10)*$J$10,2))) | K116: =IF($J116="","",ROUND($J116*$K$10,2)) | O116: =IF(COUNT($L116:$N116)=0,"",SUM($L116:$N116)) | P116: =IF(ISERROR(IF($O116="","",ROUND(($O116/$O$10)*$P$10,2))),"",IF($O116="","",ROUND(($O116/$O$10)*$P$10,2))) | Q116: =IF($P116="","",ROUND($P116*$Q$10,2)) | U116: =IF(COUNT($R116:$T116)=0,"",SUM($R116:$T116)) | V116: =IF(ISERROR(IF($U116="","",ROUND(($U116/$U$10)*$V$10,2))),"",IF($U116="","",ROUND(($U116/$U$10)*$V$10,2))) | W116: =IF($V116="","",ROUND($V116*$W$10,2)) | X116: =IF(ISERROR(IF($T116="","",ROUND(SUM($K116,$Q116,$W116),2))),"",IF($T116="","",ROUND(SUM($K116,$Q116,$W116),2))) | Y116: =IF(ISERROR(IF($T116="","",VLOOKUP(X116,NewTransmu,4,TRUE))),"",IF($T116="","",VLOOKUP(X116,NewTransmu,4,TRUE))) | Z116: =IF(ISERROR(IF(Y116="","",VLOOKUP(Y116,DESCRIPTORS,4,TRUE))),"",IF(Y116="","",VLOOKUP(Y116,DESCRIPTORS,4,TRUE))) | AT116: =(R116/$R$10)*100 -> #DIV/0! | AU116: =(S116/$S$10)*100 -> #DIV/0! | AV116: =(T116/$T$10)*100 -> #DIV/0!

Sheet TERM3
A1: Class Record
C4: REGION | D4: =INPUT!H4 -> 10 | F4: DIVISION | I4: =INPUT!M4 -> CDO
C5: SCHOOL NAME | D5: =INPUT!H5 -> Bridgette School Management System | N5: SCHOOL ID | P5: =INPUT!T5 -> 405198 | S5: SCHOOL YEAR | W5: =INPUT!Z5 -> {school_year}
A7: TERM 3 | D7: GRADE & SECTION: | I7: =INPUT!K7 -> Grade 8 Diamond | L7: TEACHER: | O7: =INPUT!R7 -> Abueva, Apple Joy Middle Name | R7: SUBJECT: | U7: =INPUT!Z7 -> Science 8
B8: ID NO. | C8: LEARNERS' NAMES | D8: =INPUT!AD7 & " (" & TEXT(INPUT!AL7, "0%") & ")" -> WRITTEN / ORAL WORKS (20%) | L8: =INPUT!AD8 & " (" & TEXT(INPUT!AL8, "0%") & ")" -> PRODUCT / PERFORMANCE TASKS (80%) | R8: =INPUT!AD9 & " (" & TEXT(INPUT!AL9, "0%") & ")" -> PLACEHOLDER (20%) | X8: Initial Grade | Y8: Term Grade | Z8: DESCRIPTOR
D9: 1 | E9: 2 | F9: 3 | G9: 4 | H9: 5 | I9: Total | J9: PS | K9: WS | L9: 1 | M9: 2 | N9: 3 | O9: Total | P9: PS | Q9: WS | R9: EE1 | S9: EE2 | T9: TFE | U9: Total | V9: PS | W9: WS
A10: HIGHEST POSSIBLE SCORE | I10: =IF(COUNT($D10:$H10)=0,"",SUM($D10:$H10)) | J10: 100 | K10: =INPUT!AL7 -> 0.2 | O10: =IF(COUNT($L10:$N10)=0,"",SUM($L10:$N10)) | P10: 100 | Q10: =INPUT!AL8 -> 0.8 | U10: =IF(COUNT($R10:$T10=0),"",SUM($R10:$T10)) -> 0 | V10: 100 | W10: =INPUT!AL9 -> 0.2
B11: MALE
A12: {start_boys_numbering} | B12: {boys_start_id} | C12: {start_boys} | D12: {ww} | E12: {ww} | F12: {ww} | G12: {ww} | H12: {ww} | I12: {wwt} | J12: {wwps} | K12: {wwws} | L12: {pt} | M12: {pt} | N12: {pt} | O12: {ptt} | P12: {ptps} | Q12: {ptws} | R12: {ee1} | S12: {ee2} | T12: {tfe} | U12: {qa} | V12: {qaps} | W12: {qaws} | X12: {ini-grade} | Y12: {grade} | Z12: {descriptor}
A13: =INPUT!A12 -> 1 | B13: =INPUT!B12 -> 2022-00001 | C13: =INPUT!C12 -> Ando, Ryanjel | I13: =IF(COUNT($D13:$H13)=0,"",SUM($D13:$H13)) | J13: =IF(ISERROR(IF($I13="","",ROUND(($I13/$I$10)*$J$10,2))),"",IF($I13="","",ROUND(($I13/$I$10)*$J$10,2))) | K13: =IF($J13="","",ROUND($J13*$K$10,2)) | O13: =IF(COUNT($L13:$N13)=0,"",SUM($L13:$N13)) | P13: =IF(ISERROR(IF($O13="","",ROUND(($O13/$O$10)*$P$10,2))),"",IF($O13="","",ROUND(($O13/$O$10)*$P$10,2))) | Q13: =IF($P13="","",ROUND($P13*$Q$10,2)) | U13: =IF(COUNT($R13:$T13)=0,"",SUM($R13:$T13)) | V13: =IF(ISERROR(IF($U13="","",ROUND(($U13/$U$10)*$V$10,2))),"",IF($U13="","",ROUND(($U13/$U$10)*$V$10,2))) | W13: =IF($V13="","",ROUND($V13*$W$10,2)) | X13: =IF(ISERROR(IF($U13="","",ROUND(SUM($K13,$Q13,$W13),2))),"",IF($U13="","",ROUND(SUM($K13,$Q13,$W13),2))) | Y13: =IF(ISERROR(IF($U13="","",VLOOKUP(X13,NewTransmu,4,TRUE))),"",IF($U13="","",VLOOKUP(X13,NewTransmu,4,TRUE))) | Z13: =IF(ISERROR(IF(Y13="","",VLOOKUP(Y13,DESCRIPTORS,4,TRUE))),"",IF(Y13="","",VLOOKUP(Y13,DESCRIPTORS,4,TRUE))) | AT13: =(R13/$R$10)*100 -> #DIV/0! | AU13: =(S13/$S$10)*100 -> #DIV/0! | AV13: =(T13/$T$10)*100 -> #DIV/0!
A14: =INPUT!A13 -> 2 | B14: =INPUT!B13 -> 2022-00044 | C14: =INPUT!C13 -> Arante, Cobe Mc Daniel | I14: =IF(COUNT($D14:$H14)=0,"",SUM($D14:$H14)) | J14: =IF(ISERROR(IF($I14="","",ROUND(($I14/$I$10)*$J$10,2))),"",IF($I14="","",ROUND(($I14/$I$10)*$J$10,2))) | K14: =IF($J14="","",ROUND($J14*$K$10,2)) | O14: =IF(COUNT($L14:$N14)=0,"",SUM($L14:$N14)) | P14: =IF(ISERROR(IF($O14="","",ROUND(($O14/$O$10)*$P$10,2))),"",IF($O14="","",ROUND(($O14/$O$10)*$P$10,2))) | Q14: =IF($P14="","",ROUND($P14*$Q$10,2)) | U14: =IF(COUNT($R14:$T14)=0,"",SUM($R14:$T14)) | V14: =IF(ISERROR(IF($U14="","",ROUND(($U14/$U$10)*$V$10,2))),"",IF($U14="","",ROUND(($U14/$U$10)*$V$10,2))) | W14: =IF($V14="","",ROUND($V14*$W$10,2)) | X14: =IF(ISERROR(IF($T14="","",ROUND(SUM($K14,$Q14,$W14),2))),"",IF($T14="","",ROUND(SUM($K14,$Q14,$W14),2))) | Y14: =IF(ISERROR(IF($T14="","",VLOOKUP(X14,NewTransmu,4,TRUE))),"",IF($T14="","",VLOOKUP(X14,NewTransmu,4,TRUE))) | Z14: =IF(ISERROR(IF(Y14="","",VLOOKUP(Y14,DESCRIPTORS,4,TRUE))),"",IF(Y14="","",VLOOKUP(Y14,DESCRIPTORS,4,TRUE))) | AC14: EE1 | AD14: EE2 | AE14: TFE | AT14: =(R14/$R$10)*100 -> #DIV/0! | AU14: =(S14/$S$10)*100 -> #DIV/0! | AV14: =(T14/$T$10)*100 -> #DIV/0!
A15: =INPUT!A14 -> 3 | B15: =INPUT!B14 -> 2022-00418 | C15: =INPUT!C14 -> Barnido, Charllys Moore | I15: =IF(COUNT($D15:$H15)=0,"",SUM($D15:$H15)) | J15: =IF(ISERROR(IF($I15="","",ROUND(($I15/$I$10)*$J$10,2))),"",IF($I15="","",ROUND(($I15/$I$10)*$J$10,2))) | K15: =IF($J15="","",ROUND($J15*$K$10,2)) | O15: =IF(COUNT($L15:$N15)=0,"",SUM($L15:$N15)) | P15: =IF(ISERROR(IF($O15="","",ROUND(($O15/$O$10)*$P$10,2))),"",IF($O15="","",ROUND(($O15/$O$10)*$P$10,2))) | Q15: =IF($P15="","",ROUND($P15*$Q$10,2)) | U15: =IF(COUNT($R15:$T15)=0,"",SUM($R15:$T15)) | V15: =IF(ISERROR(IF($U15="","",ROUND(($U15/$U$10)*$V$10,2))),"",IF($U15="","",ROUND(($U15/$U$10)*$V$10,2))) | W15: =IF($V15="","",ROUND($V15*$W$10,2)) | X15: =IF(ISERROR(IF($T15="","",ROUND(SUM($K15,$Q15,$W15),2))),"",IF($T15="","",ROUND(SUM($K15,$Q15,$W15),2))) | Y15: =IF(ISERROR(IF($T15="","",VLOOKUP(X15,NewTransmu,4,TRUE))),"",IF($T15="","",VLOOKUP(X15,NewTransmu,4,TRUE))) | Z15: =IF(ISERROR(IF(Y15="","",VLOOKUP(Y15,DESCRIPTORS,4,TRUE))),"",IF(Y15="","",VLOOKUP(Y15,DESCRIPTORS,4,TRUE))) | AB15: Number of Examinees: | AC15: =COUNTA(R13:R116) -> 0 | AD15: =COUNTA(S13:S116) -> 0 | AE15: =COUNTA(T13:T116) -> 0 | AT15: =(R15/$R$10)*100 -> #DIV/0! | AU15: =(S15/$S$10)*100 -> #DIV/0! | AV15: =(T15/$T$10)*100 -> #DIV/0!
A16: =INPUT!A15 -> 4 | B16: =INPUT!B15 -> 2023-00532 | C16: =INPUT!C15 -> CAPILI, SCHAN MARC STEVEN | I16: =IF(COUNT($D16:$H16)=0,"",SUM($D16:$H16)) | J16: =IF(ISERROR(IF($I16="","",ROUND(($I16/$I$10)*$J$10,2))),"",IF($I16="","",ROUND(($I16/$I$10)*$J$10,2))) | K16: =IF($J16="","",ROUND($J16*$K$10,2)) | O16: =IF(COUNT($L16:$N16)=0,"",SUM($L16:$N16)) | P16: =IF(ISERROR(IF($O16="","",ROUND(($O16/$O$10)*$P$10,2))),"",IF($O16="","",ROUND(($O16/$O$10)*$P$10,2))) | Q16: =IF($P16="","",ROUND($P16*$Q$10,2)) | U16: =IF(COUNT($R16:$T16)=0,"",SUM($R16:$T16)) | V16: =IF(ISERROR(IF($U16="","",ROUND(($U16/$U$10)*$V$10,2))),"",IF($U16="","",ROUND(($U16/$U$10)*$V$10,2))) | W16: =IF($V16="","",ROUND($V16*$W$10,2)) | X16: =IF(ISERROR(IF($T16="","",ROUND(SUM($K16,$Q16,$W16),2))),"",IF($T16="","",ROUND(SUM($K16,$Q16,$W16),2))) | Y16: =IF(ISERROR(IF($T16="","",VLOOKUP(X16,NewTransmu,4,TRUE))),"",IF($T16="","",VLOOKUP(X16,NewTransmu,4,TRUE))) | Z16: =IF(ISERROR(IF(Y16="","",VLOOKUP(Y16,DESCRIPTORS,4,TRUE))),"",IF(Y16="","",VLOOKUP(Y16,DESCRIPTORS,4,TRUE))) | AB16: Highest Possible Score: | AC16: =R10 -> 0 | AD16: =S10 -> 0 | AE16: =T10 -> 0 | AT16: =(R16/$R$10)*100 -> #DIV/0! | AU16: =(S16/$S$10)*100 -> #DIV/0! | AV16: =(T16/$T$10)*100 -> #DIV/0!
A17: =INPUT!A16 -> 5 | B17: =INPUT!B16 -> 2022-00002 | C17: =INPUT!C16 -> Cuizon, Cyril | I17: =IF(COUNT($D17:$H17)=0,"",SUM($D17:$H17)) | J17: =IF(ISERROR(IF($I17="","",ROUND(($I17/$I$10)*$J$10,2))),"",IF($I17="","",ROUND(($I17/$I$10)*$J$10,2))) | K17: =IF($J17="","",ROUND($J17*$K$10,2)) | O17: =IF(COUNT($L17:$N17)=0,"",SUM($L17:$N17)) | P17: =IF(ISERROR(IF($O17="","",ROUND(($O17/$O$10)*$P$10,2))),"",IF($O17="","",ROUND(($O17/$O$10)*$P$10,2))) | Q17: =IF($P17="","",ROUND($P17*$Q$10,2)) | U17: =IF(COUNT($R17:$T17)=0,"",SUM($R17:$T17)) | V17: =IF(ISERROR(IF($U17="","",ROUND(($U17/$U$10)*$V$10,2))),"",IF($U17="","",ROUND(($U17/$U$10)*$V$10,2))) | W17: =IF($V17="","",ROUND($V17*$W$10,2)) | X17: =IF(ISERROR(IF($T17="","",ROUND(SUM($K17,$Q17,$W17),2))),"",IF($T17="","",ROUND(SUM($K17,$Q17,$W17),2))) | Y17: =IF(ISERROR(IF($T17="","",VLOOKUP(X17,NewTransmu,4,TRUE))),"",IF($T17="","",VLOOKUP(X17,NewTransmu,4,TRUE))) | Z17: =IF(ISERROR(IF(Y17="","",VLOOKUP(Y17,DESCRIPTORS,4,TRUE))),"",IF(Y17="","",VLOOKUP(Y17,DESCRIPTORS,4,TRUE))) | AT17: =(R17/$R$10)*100 -> #DIV/0! | AU17: =(S17/$S$10)*100 -> #DIV/0! | AV17: =(T17/$T$10)*100 -> #DIV/0!
A18: =INPUT!A17 -> 6 | B18: =INPUT!B17 -> 2022-00003 | C18: =INPUT!C17 -> Deguiñon, Paul Jhon | I18: =IF(COUNT($D18:$H18)=0,"",SUM($D18:$H18)) | J18: =IF(ISERROR(IF($I18="","",ROUND(($I18/$I$10)*$J$10,2))),"",IF($I18="","",ROUND(($I18/$I$10)*$J$10,2))) | K18: =IF($J18="","",ROUND($J18*$K$10,2)) | O18: =IF(COUNT($L18:$N18)=0,"",SUM($L18:$N18)) | P18: =IF(ISERROR(IF($O18="","",ROUND(($O18/$O$10)*$P$10,2))),"",IF($O18="","",ROUND(($O18/$O$10)*$P$10,2))) | Q18: =IF($P18="","",ROUND($P18*$Q$10,2)) | U18: =IF(COUNT($R18:$T18)=0,"",SUM($R18:$T18)) | V18: =IF(ISERROR(IF($U18="","",ROUND(($U18/$U$10)*$V$10,2))),"",IF($U18="","",ROUND(($U18/$U$10)*$V$10,2))) | W18: =IF($V18="","",ROUND($V18*$W$10,2)) | X18: =IF(ISERROR(IF($T18="","",ROUND(SUM($K18,$Q18,$W18),2))),"",IF($T18="","",ROUND(SUM($K18,$Q18,$W18),2))) | Y18: =IF(ISERROR(IF($T18="","",VLOOKUP(X18,NewTransmu,4,TRUE))),"",IF($T18="","",VLOOKUP(X18,NewTransmu,4,TRUE))) | Z18: =IF(ISERROR(IF(Y18="","",VLOOKUP(Y18,DESCRIPTORS,4,TRUE))),"",IF(Y18="","",VLOOKUP(Y18,DESCRIPTORS,4,TRUE))) | AB18: CRITERION-REFERENCED | AC18: EE1 | AD18: EE2 | AE18: TFE | AT18: =(R18/$R$10)*100 -> #DIV/0! | AU18: =(S18/$S$10)*100 -> #DIV/0! | AV18: =(T18/$T$10)*100 -> #DIV/0!
A19: =INPUT!A18 -> 7 | B19: =INPUT!B18 -> 002026-000193 | C19: =INPUT!C18 -> Dela Cruz, Juan | I19: =IF(COUNT($D19:$H19)=0,"",SUM($D19:$H19)) | J19: =IF(ISERROR(IF($I19="","",ROUND(($I19/$I$10)*$J$10,2))),"",IF($I19="","",ROUND(($I19/$I$10)*$J$10,2))) | K19: =IF($J19="","",ROUND($J19*$K$10,2)) | O19: =IF(COUNT($L19:$N19)=0,"",SUM($L19:$N19)) | P19: =IF(ISERROR(IF($O19="","",ROUND(($O19/$O$10)*$P$10,2))),"",IF($O19="","",ROUND(($O19/$O$10)*$P$10,2))) | Q19: =IF($P19="","",ROUND($P19*$Q$10,2)) | U19: =IF(COUNT($R19:$T19)=0,"",SUM($R19:$T19)) | V19: =IF(ISERROR(IF($U19="","",ROUND(($U19/$U$10)*$V$10,2))),"",IF($U19="","",ROUND(($U19/$U$10)*$V$10,2))) | W19: =IF($V19="","",ROUND($V19*$W$10,2)) | X19: =IF(ISERROR(IF($T19="","",ROUND(SUM($K19,$Q19,$W19),2))),"",IF($T19="","",ROUND(SUM($K19,$Q19,$W19),2))) | Y19: =IF(ISERROR(IF($T19="","",VLOOKUP(X19,NewTransmu,4,TRUE))),"",IF($T19="","",VLOOKUP(X19,NewTransmu,4,TRUE))) | Z19: =IF(ISERROR(IF(Y19="","",VLOOKUP(Y19,DESCRIPTORS,4,TRUE))),"",IF(Y19="","",VLOOKUP(Y19,DESCRIPTORS,4,TRUE))) | AB19: Got 75% & above | AC19: =COUNTIF(AT13:AT116,">=75") -> 0 | AD19: =COUNTIF(AU13:AU116,">=75") -> 0 | AE19: =COUNTIF(AV13:AV116,">=75") -> 0 | AT19: =(R19/$R$10)*100 -> #DIV/0! | AU19: =(S19/$S$10)*100 -> #DIV/0! | AV19: =(T19/$T$10)*100 -> #DIV/0!
A20: =INPUT!A19 -> 8 | B20: =INPUT!B19 -> 2022-00047 | C20: =INPUT!C19 -> Dela Cruz, Stacey Samson | I20: =IF(COUNT($D20:$H20)=0,"",SUM($D20:$H20)) | J20: =IF(ISERROR(IF($I20="","",ROUND(($I20/$I$10)*$J$10,2))),"",IF($I20="","",ROUND(($I20/$I$10)*$J$10,2))) | K20: =IF($J20="","",ROUND($J20*$K$10,2)) | O20: =IF(COUNT($L20:$N20)=0,"",SUM($L20:$N20)) | P20: =IF(ISERROR(IF($O20="","",ROUND(($O20/$O$10)*$P$10,2))),"",IF($O20="","",ROUND(($O20/$O$10)*$P$10,2))) | Q20: =IF($P20="","",ROUND($P20*$Q$10,2)) | U20: =IF(COUNT($R20:$T20)=0,"",SUM($R20:$T20)) | V20: =IF(ISERROR(IF($U20="","",ROUND(($U20/$U$10)*$V$10,2))),"",IF($U20="","",ROUND(($U20/$U$10)*$V$10,2))) | W20: =IF($V20="","",ROUND($V20*$W$10,2)) | X20: =IF(ISERROR(IF($T20="","",ROUND(SUM($K20,$Q20,$W20),2))),"",IF($T20="","",ROUND(SUM($K20,$Q20,$W20),2))) | Y20: =IF(ISERROR(IF($T20="","",VLOOKUP(X20,NewTransmu,4,TRUE))),"",IF($T20="","",VLOOKUP(X20,NewTransmu,4,TRUE))) | Z20: =IF(ISERROR(IF(Y20="","",VLOOKUP(Y20,DESCRIPTORS,4,TRUE))),"",IF(Y20="","",VLOOKUP(Y20,DESCRIPTORS,4,TRUE))) | AB20: Percentage | AC20: =IFERROR(AC19/AC15,"") | AD20: =IFERROR(AD19/AD15,"") | AE20: =IFERROR(AE19/AE15,"") | AT20: =(R20/$R$10)*100 -> #DIV/0! | AU20: =(S20/$S$10)*100 -> #DIV/0! | AV20: =(T20/$T$10)*100 -> #DIV/0!
A21: =INPUT!A20 -> 9 | B21: =INPUT!B20 -> 2023-00510 | C21: =INPUT!C20 -> DURIAS, KIRK ADRIANE | I21: =IF(COUNT($D21:$H21)=0,"",SUM($D21:$H21)) | J21: =IF(ISERROR(IF($I21="","",ROUND(($I21/$I$10)*$J$10,2))),"",IF($I21="","",ROUND(($I21/$I$10)*$J$10,2))) | K21: =IF($J21="","",ROUND($J21*$K$10,2)) | O21: =IF(COUNT($L21:$N21)=0,"",SUM($L21:$N21)) | P21: =IF(ISERROR(IF($O21="","",ROUND(($O21/$O$10)*$P$10,2))),"",IF($O21="","",ROUND(($O21/$O$10)*$P$10,2))) | Q21: =IF($P21="","",ROUND($P21*$Q$10,2)) | U21: =IF(COUNT($R21:$T21)=0,"",SUM($R21:$T21)) | V21: =IF(ISERROR(IF($U21="","",ROUND(($U21/$U$10)*$V$10,2))),"",IF($U21="","",ROUND(($U21/$U$10)*$V$10,2))) | W21: =IF($V21="","",ROUND($V21*$W$10,2)) | X21: =IF(ISERROR(IF($T21="","",ROUND(SUM($K21,$Q21,$W21),2))),"",IF($T21="","",ROUND(SUM($K21,$Q21,$W21),2))) | Y21: =IF(ISERROR(IF($T21="","",VLOOKUP(X21,NewTransmu,4,TRUE))),"",IF($T21="","",VLOOKUP(X21,NewTransmu,4,TRUE))) | Z21: =IF(ISERROR(IF(Y21="","",VLOOKUP(Y21,DESCRIPTORS,4,TRUE))),"",IF(Y21="","",VLOOKUP(Y21,DESCRIPTORS,4,TRUE))) | AB21: Got below 75% | AC21: =AC15-AC19 -> 0 | AD21: =AD15-AD19 -> 0 | AE21: =AE15-AE19 -> 0 | AT21: =(R21/$R$10)*100 -> #DIV/0! | AU21: =(S21/$S$10)*100 -> #DIV/0! | AV21: =(T21/$T$10)*100 -> #DIV/0!
A22: =INPUT!A21 -> 10 | B22: =INPUT!B21 -> 2022-00005 | C22: =INPUT!C21 -> Fernandez, Jhon Kenneth | I22: =IF(COUNT($D22:$H22)=0,"",SUM($D22:$H22)) | J22: =IF(ISERROR(IF($I22="","",ROUND(($I22/$I$10)*$J$10,2))),"",IF($I22="","",ROUND(($I22/$I$10)*$J$10,2))) | K22: =IF($J22="","",ROUND($J22*$K$10,2)) | O22: =IF(COUNT($L22:$N22)=0,"",SUM($L22:$N22)) | P22: =IF(ISERROR(IF($O22="","",ROUND(($O22/$O$10)*$P$10,2))),"",IF($O22="","",ROUND(($O22/$O$10)*$P$10,2))) | Q22: =IF($P22="","",ROUND($P22*$Q$10,2)) | U22: =IF(COUNT($R22:$T22)=0,"",SUM($R22:$T22)) | V22: =IF(ISERROR(IF($U22="","",ROUND(($U22/$U$10)*$V$10,2))),"",IF($U22="","",ROUND(($U22/$U$10)*$V$10,2))) | W22: =IF($V22="","",ROUND($V22*$W$10,2)) | X22: =IF(ISERROR(IF($T22="","",ROUND(SUM($K22,$Q22,$W22),2))),"",IF($T22="","",ROUND(SUM($K22,$Q22,$W22),2))) | Y22: =IF(ISERROR(IF($T22="","",VLOOKUP(X22,NewTransmu,4,TRUE))),"",IF($T22="","",VLOOKUP(X22,NewTransmu,4,TRUE))) | Z22: =IF(ISERROR(IF(Y22="","",VLOOKUP(Y22,DESCRIPTORS,4,TRUE))),"",IF(Y22="","",VLOOKUP(Y22,DESCRIPTORS,4,TRUE))) | AB22: Percentage | AC22: =IFERROR(1-AC20,"") | AD22: =IFERROR(1-AD20,"") | AE22: =IFERROR(1-AE20,"") | AT22: =(R22/$R$10)*100 -> #DIV/0! | AU22: =(S22/$S$10)*100 -> #DIV/0! | AV22: =(T22/$T$10)*100 -> #DIV/0!
A23: =INPUT!A22 -> 11 | B23: =INPUT!B22 -> 2022-00006 | C23: =INPUT!C22 -> Figueroa, John Rech | I23: =IF(COUNT($D23:$H23)=0,"",SUM($D23:$H23)) | J23: =IF(ISERROR(IF($I23="","",ROUND(($I23/$I$10)*$J$10,2))),"",IF($I23="","",ROUND(($I23/$I$10)*$J$10,2))) | K23: =IF($J23="","",ROUND($J23*$K$10,2)) | O23: =IF(COUNT($L23:$N23)=0,"",SUM($L23:$N23)) | P23: =IF(ISERROR(IF($O23="","",ROUND(($O23/$O$10)*$P$10,2))),"",IF($O23="","",ROUND(($O23/$O$10)*$P$10,2))) | Q23: =IF($P23="","",ROUND($P23*$Q$10,2)) | U23: =IF(COUNT($R23:$T23)=0,"",SUM($R23:$T23)) | V23: =IF(ISERROR(IF($U23="","",ROUND(($U23/$U$10)*$V$10,2))),"",IF($U23="","",ROUND(($U23/$U$10)*$V$10,2))) | W23: =IF($V23="","",ROUND($V23*$W$10,2)) | X23: =IF(ISERROR(IF($T23="","",ROUND(SUM($K23,$Q23,$W23),2))),"",IF($T23="","",ROUND(SUM($K23,$Q23,$W23),2))) | Y23: =IF(ISERROR(IF($T23="","",VLOOKUP(X23,NewTransmu,4,TRUE))),"",IF($T23="","",VLOOKUP(X23,NewTransmu,4,TRUE))) | Z23: =IF(ISERROR(IF(Y23="","",VLOOKUP(Y23,DESCRIPTORS,4,TRUE))),"",IF(Y23="","",VLOOKUP(Y23,DESCRIPTORS,4,TRUE))) | AT23: =(R23/$R$10)*100 -> #DIV/0! | AU23: =(S23/$S$10)*100 -> #DIV/0! | AV23: =(T23/$T$10)*100 -> #DIV/0!
A24: =INPUT!A23 -> 12 | B24: =INPUT!B23 -> 2022-00007 | C24: =INPUT!C23 -> Intes, TJ Philip | I24: =IF(COUNT($D24:$H24)=0,"",SUM($D24:$H24)) | J24: =IF(ISERROR(IF($I24="","",ROUND(($I24/$I$10)*$J$10,2))),"",IF($I24="","",ROUND(($I24/$I$10)*$J$10,2))) | K24: =IF($J24="","",ROUND($J24*$K$10,2)) | O24: =IF(COUNT($L24:$N24)=0,"",SUM($L24:$N24)) | P24: =IF(ISERROR(IF($O24="","",ROUND(($O24/$O$10)*$P$10,2))),"",IF($O24="","",ROUND(($O24/$O$10)*$P$10,2))) | Q24: =IF($P24="","",ROUND($P24*$Q$10,2)) | U24: =IF(COUNT($R24:$T24)=0,"",SUM($R24:$T24)) | V24: =IF(ISERROR(IF($U24="","",ROUND(($U24/$U$10)*$V$10,2))),"",IF($U24="","",ROUND(($U24/$U$10)*$V$10,2))) | W24: =IF($V24="","",ROUND($V24*$W$10,2)) | X24: =IF(ISERROR(IF($T24="","",ROUND(SUM($K24,$Q24,$W24),2))),"",IF($T24="","",ROUND(SUM($K24,$Q24,$W24),2))) | Y24: =IF(ISERROR(IF($T24="","",VLOOKUP(X24,NewTransmu,4,TRUE))),"",IF($T24="","",VLOOKUP(X24,NewTransmu,4,TRUE))) | Z24: =IF(ISERROR(IF(Y24="","",VLOOKUP(Y24,DESCRIPTORS,4,TRUE))),"",IF(Y24="","",VLOOKUP(Y24,DESCRIPTORS,4,TRUE))) | AB24: NORM-REFERENCED | AC24: EE1 | AD24: EE2 | AE24: TFE | AT24: =(R24/$R$10)*100 -> #DIV/0! | AU24: =(S24/$S$10)*100 -> #DIV/0! | AV24: =(T24/$T$10)*100 -> #DIV/0!
A25: =INPUT!A24 -> 13 | B25: =INPUT!B24 -> 2022-00008 | C25: =INPUT!C24 -> Jarabe, Andrei Anthony | I25: =IF(COUNT($D25:$H25)=0,"",SUM($D25:$H25)) | J25: =IF(ISERROR(IF($I25="","",ROUND(($I25/$I$10)*$J$10,2))),"",IF($I25="","",ROUND(($I25/$I$10)*$J$10,2))) | K25: =IF($J25="","",ROUND($J25*$K$10,2)) | O25: =IF(COUNT($L25:$N25)=0,"",SUM($L25:$N25)) | P25: =IF(ISERROR(IF($O25="","",ROUND(($O25/$O$10)*$P$10,2))),"",IF($O25="","",ROUND(($O25/$O$10)*$P$10,2))) | Q25: =IF($P25="","",ROUND($P25*$Q$10,2)) | U25: =IF(COUNT($R25:$T25)=0,"",SUM($R25:$T25)) | V25: =IF(ISERROR(IF($U25="","",ROUND(($U25/$U$10)*$V$10,2))),"",IF($U25="","",ROUND(($U25/$U$10)*$V$10,2))) | W25: =IF($V25="","",ROUND($V25*$W$10,2)) | X25: =IF(ISERROR(IF($T25="","",ROUND(SUM($K25,$Q25,$W25),2))),"",IF($T25="","",ROUND(SUM($K25,$Q25,$W25),2))) | Y25: =IF(ISERROR(IF($T25="","",VLOOKUP(X25,NewTransmu,4,TRUE))),"",IF($T25="","",VLOOKUP(X25,NewTransmu,4,TRUE))) | Z25: =IF(ISERROR(IF(Y25="","",VLOOKUP(Y25,DESCRIPTORS,4,TRUE))),"",IF(Y25="","",VLOOKUP(Y25,DESCRIPTORS,4,TRUE))) | AB25: Mean | AC25: =IFERROR(AVERAGE(R13:R116),"") | AD25: =IFERROR(AVERAGE(S13:S116),"") | AE25: =IFERROR(AVERAGE(T13:T116),"") | AT25: =(R25/$R$10)*100 -> #DIV/0! | AU25: =(S25/$S$10)*100 -> #DIV/0! | AV25: =(T25/$T$10)*100 -> #DIV/0!
A26: =INPUT!A25 -> 14 | B26: =INPUT!B25 -> 2022-00012 | C26: =INPUT!C25 -> Mumar, Terence Hunter | I26: =IF(COUNT($D26:$H26)=0,"",SUM($D26:$H26)) | J26: =IF(ISERROR(IF($I26="","",ROUND(($I26/$I$10)*$J$10,2))),"",IF($I26="","",ROUND(($I26/$I$10)*$J$10,2))) | K26: =IF($J26="","",ROUND($J26*$K$10,2)) | O26: =IF(COUNT($L26:$N26)=0,"",SUM($L26:$N26)) | P26: =IF(ISERROR(IF($O26="","",ROUND(($O26/$O$10)*$P$10,2))),"",IF($O26="","",ROUND(($O26/$O$10)*$P$10,2))) | Q26: =IF($P26="","",ROUND($P26*$Q$10,2)) | U26: =IF(COUNT($R26:$T26)=0,"",SUM($R26:$T26)) | V26: =IF(ISERROR(IF($U26="","",ROUND(($U26/$U$10)*$V$10,2))),"",IF($U26="","",ROUND(($U26/$U$10)*$V$10,2))) | W26: =IF($V26="","",ROUND($V26*$W$10,2)) | X26: =IF(ISERROR(IF($T26="","",ROUND(SUM($K26,$Q26,$W26),2))),"",IF($T26="","",ROUND(SUM($K26,$Q26,$W26),2))) | Y26: =IF(ISERROR(IF($T26="","",VLOOKUP(X26,NewTransmu,4,TRUE))),"",IF($T26="","",VLOOKUP(X26,NewTransmu,4,TRUE))) | Z26: =IF(ISERROR(IF(Y26="","",VLOOKUP(Y26,DESCRIPTORS,4,TRUE))),"",IF(Y26="","",VLOOKUP(Y26,DESCRIPTORS,4,TRUE))) | AB26: Median | AC26: =IFERROR(MEDIAN(R13:R116),"") | AD26: =IFERROR(MEDIAN(S13:S116),"") | AE26: =IFERROR(MEDIAN(T13:T116),"") | AT26: =(R26/$R$10)*100 -> #DIV/0! | AU26: =(S26/$S$10)*100 -> #DIV/0! | AV26: =(T26/$T$10)*100 -> #DIV/0!
A27: =INPUT!A26 -> 15 | B27: =INPUT!B26 -> 2022-00013 | C27: =INPUT!C26 -> Narita, JD Ariel | I27: =IF(COUNT($D27:$H27)=0,"",SUM($D27:$H27)) | J27: =IF(ISERROR(IF($I27="","",ROUND(($I27/$I$10)*$J$10,2))),"",IF($I27="","",ROUND(($I27/$I$10)*$J$10,2))) | K27: =IF($J27="","",ROUND($J27*$K$10,2)) | O27: =IF(COUNT($L27:$N27)=0,"",SUM($L27:$N27)) | P27: =IF(ISERROR(IF($O27="","",ROUND(($O27/$O$10)*$P$10,2))),"",IF($O27="","",ROUND(($O27/$O$10)*$P$10,2))) | Q27: =IF($P27="","",ROUND($P27*$Q$10,2)) | U27: =IF(COUNT($R27:$T27)=0,"",SUM($R27:$T27)) | V27: =IF(ISERROR(IF($U27="","",ROUND(($U27/$U$10)*$V$10,2))),"",IF($U27="","",ROUND(($U27/$U$10)*$V$10,2))) | W27: =IF($V27="","",ROUND($V27*$W$10,2)) | X27: =IF(ISERROR(IF($T27="","",ROUND(SUM($K27,$Q27,$W27),2))),"",IF($T27="","",ROUND(SUM($K27,$Q27,$W27),2))) | Y27: =IF(ISERROR(IF($T27="","",VLOOKUP(X27,NewTransmu,4,TRUE))),"",IF($T27="","",VLOOKUP(X27,NewTransmu,4,TRUE))) | Z27: =IF(ISERROR(IF(Y27="","",VLOOKUP(Y27,DESCRIPTORS,4,TRUE))),"",IF(Y27="","",VLOOKUP(Y27,DESCRIPTORS,4,TRUE))) | AB27: SD | AC27: =IFERROR(_xlfn.STDEV.S(R13:R116),"") | AD27: =_xlfn.STDEV.S(S13:S116) -> #DIV/0! | AE27: =_xlfn.STDEV.S(T13:T116) -> #DIV/0! | AT27: =(R27/$R$10)*100 -> #DIV/0! | AU27: =(S27/$S$10)*100 -> #DIV/0! | AV27: =(T27/$T$10)*100 -> #DIV/0!
A28: =INPUT!A27 -> 16 | B28: =INPUT!B27 -> 2022-00014 | C28: =INPUT!C27 -> Ofngol, Prince Ryder | I28: =IF(COUNT($D28:$H28)=0,"",SUM($D28:$H28)) | J28: =IF(ISERROR(IF($I28="","",ROUND(($I28/$I$10)*$J$10,2))),"",IF($I28="","",ROUND(($I28/$I$10)*$J$10,2))) | K28: =IF($J28="","",ROUND($J28*$K$10,2)) | O28: =IF(COUNT($L28:$N28)=0,"",SUM($L28:$N28)) | P28: =IF(ISERROR(IF($O28="","",ROUND(($O28/$O$10)*$P$10,2))),"",IF($O28="","",ROUND(($O28/$O$10)*$P$10,2))) | Q28: =IF($P28="","",ROUND($P28*$Q$10,2)) | U28: =IF(COUNT($R28:$T28)=0,"",SUM($R28:$T28)) | V28: =IF(ISERROR(IF($U28="","",ROUND(($U28/$U$10)*$V$10,2))),"",IF($U28="","",ROUND(($U28/$U$10)*$V$10,2))) | W28: =IF($V28="","",ROUND($V28*$W$10,2)) | X28: =IF(ISERROR(IF($T28="","",ROUND(SUM($K28,$Q28,$W28),2))),"",IF($T28="","",ROUND(SUM($K28,$Q28,$W28),2))) | Y28: =IF(ISERROR(IF($T28="","",VLOOKUP(X28,NewTransmu,4,TRUE))),"",IF($T28="","",VLOOKUP(X28,NewTransmu,4,TRUE))) | Z28: =IF(ISERROR(IF(Y28="","",VLOOKUP(Y28,DESCRIPTORS,4,TRUE))),"",IF(Y28="","",VLOOKUP(Y28,DESCRIPTORS,4,TRUE))) | AB28: MPS/PL | AC28: =IFERROR(AC25/AC16,"") | AD28: =IFERROR(AD25/AD16,"") | AE28: =IFERROR(AE25/AE16,"") | AT28: =(R28/$R$10)*100 -> #DIV/0! | AU28: =(S28/$S$10)*100 -> #DIV/0! | AV28: =(T28/$T$10)*100 -> #DIV/0!
A29: =INPUT!A28 -> 17 | B29: =INPUT!B28 -> 2022-00015 | C29: =INPUT!C28 -> Pañega, Roland Josh | I29: =IF(COUNT($D29:$H29)=0,"",SUM($D29:$H29)) | J29: =IF(ISERROR(IF($I29="","",ROUND(($I29/$I$10)*$J$10,2))),"",IF($I29="","",ROUND(($I29/$I$10)*$J$10,2))) | K29: =IF($J29="","",ROUND($J29*$K$10,2)) | O29: =IF(COUNT($L29:$N29)=0,"",SUM($L29:$N29)) | P29: =IF(ISERROR(IF($O29="","",ROUND(($O29/$O$10)*$P$10,2))),"",IF($O29="","",ROUND(($O29/$O$10)*$P$10,2))) | Q29: =IF($P29="","",ROUND($P29*$Q$10,2)) | U29: =IF(COUNT($R29:$T29)=0,"",SUM($R29:$T29)) | V29: =IF(ISERROR(IF($U29="","",ROUND(($U29/$U$10)*$V$10,2))),"",IF($U29="","",ROUND(($U29/$U$10)*$V$10,2))) | W29: =IF($V29="","",ROUND($V29*$W$10,2)) | X29: =IF(ISERROR(IF($T29="","",ROUND(SUM($K29,$Q29,$W29),2))),"",IF($T29="","",ROUND(SUM($K29,$Q29,$W29),2))) | Y29: =IF(ISERROR(IF($T29="","",VLOOKUP(X29,NewTransmu,4,TRUE))),"",IF($T29="","",VLOOKUP(X29,NewTransmu,4,TRUE))) | Z29: =IF(ISERROR(IF(Y29="","",VLOOKUP(Y29,DESCRIPTORS,4,TRUE))),"",IF(Y29="","",VLOOKUP(Y29,DESCRIPTORS,4,TRUE))) | AT29: =(R29/$R$10)*100 -> #DIV/0! | AU29: =(S29/$S$10)*100 -> #DIV/0! | AV29: =(T29/$T$10)*100 -> #DIV/0!
A30: =INPUT!A29 -> 18 | B30: =INPUT!B29 -> 2022-00018 | C30: =INPUT!C29 -> Sayson, Aianne Anthony | I30: =IF(COUNT($D30:$H30)=0,"",SUM($D30:$H30)) | J30: =IF(ISERROR(IF($I30="","",ROUND(($I30/$I$10)*$J$10,2))),"",IF($I30="","",ROUND(($I30/$I$10)*$J$10,2))) | K30: =IF($J30="","",ROUND($J30*$K$10,2)) | O30: =IF(COUNT($L30:$N30)=0,"",SUM($L30:$N30)) | P30: =IF(ISERROR(IF($O30="","",ROUND(($O30/$O$10)*$P$10,2))),"",IF($O30="","",ROUND(($O30/$O$10)*$P$10,2))) | Q30: =IF($P30="","",ROUND($P30*$Q$10,2)) | U30: =IF(COUNT($R30:$T30)=0,"",SUM($R30:$T30)) | V30: =IF(ISERROR(IF($U30="","",ROUND(($U30/$U$10)*$V$10,2))),"",IF($U30="","",ROUND(($U30/$U$10)*$V$10,2))) | W30: =IF($V30="","",ROUND($V30*$W$10,2)) | X30: =IF(ISERROR(IF($T30="","",ROUND(SUM($K30,$Q30,$W30),2))),"",IF($T30="","",ROUND(SUM($K30,$Q30,$W30),2))) | Y30: =IF(ISERROR(IF($T30="","",VLOOKUP(X30,NewTransmu,4,TRUE))),"",IF($T30="","",VLOOKUP(X30,NewTransmu,4,TRUE))) | Z30: =IF(ISERROR(IF(Y30="","",VLOOKUP(Y30,DESCRIPTORS,4,TRUE))),"",IF(Y30="","",VLOOKUP(Y30,DESCRIPTORS,4,TRUE))) | AB30: OTHER INFO | AC30: EE1 | AD30: EE2 | AE30: TFE | AT30: =(R30/$R$10)*100 -> #DIV/0! | AU30: =(S30/$S$10)*100 -> #DIV/0! | AV30: =(T30/$T$10)*100 -> #DIV/0!
A31: =INPUT!A30 -> 19 | B31: =INPUT!B30 -> 2022-00019 | C31: =INPUT!C30 -> Vestidas, Rique Mart | I31: =IF(COUNT($D31:$H31)=0,"",SUM($D31:$H31)) | J31: =IF(ISERROR(IF($I31="","",ROUND(($I31/$I$10)*$J$10,2))),"",IF($I31="","",ROUND(($I31/$I$10)*$J$10,2))) | K31: =IF($J31="","",ROUND($J31*$K$10,2)) | O31: =IF(COUNT($L31:$N31)=0,"",SUM($L31:$N31)) | P31: =IF(ISERROR(IF($O31="","",ROUND(($O31/$O$10)*$P$10,2))),"",IF($O31="","",ROUND(($O31/$O$10)*$P$10,2))) | Q31: =IF($P31="","",ROUND($P31*$Q$10,2)) | U31: =IF(COUNT($R31:$T31)=0,"",SUM($R31:$T31)) | V31: =IF(ISERROR(IF($U31="","",ROUND(($U31/$U$10)*$V$10,2))),"",IF($U31="","",ROUND(($U31/$U$10)*$V$10,2))) | W31: =IF($V31="","",ROUND($V31*$W$10,2)) | X31: =IF(ISERROR(IF($T31="","",ROUND(SUM($K31,$Q31,$W31),2))),"",IF($T31="","",ROUND(SUM($K31,$Q31,$W31),2))) | Y31: =IF(ISERROR(IF($T31="","",VLOOKUP(X31,NewTransmu,4,TRUE))),"",IF($T31="","",VLOOKUP(X31,NewTransmu,4,TRUE))) | Z31: =IF(ISERROR(IF(Y31="","",VLOOKUP(Y31,DESCRIPTORS,4,TRUE))),"",IF(Y31="","",VLOOKUP(Y31,DESCRIPTORS,4,TRUE))) | AB31: Highest Score | AC31: =IF(COUNTA(R13:R116)=0,"",MAX(R13:R116)) | AD31: =IF(COUNTA(S13:S116)=0,"",MAX(S13:S116)) | AE31: =IF(COUNTA(T13:T116)=0,"",MAX(T13:T116)) | AT31: =(R31/$R$10)*100 -> #DIV/0! | AU31: =(S31/$S$10)*100 -> #DIV/0! | AV31: =(T31/$T$10)*100 -> #DIV/0!
A32: =INPUT!A31 -> 20 | B32: =INPUT!B31 -> 2023-00512 | C32: =INPUT!C31 -> WENCESLAO, EC WHISTLER | I32: =IF(COUNT($D32:$H32)=0,"",SUM($D32:$H32)) | J32: =IF(ISERROR(IF($I32="","",ROUND(($I32/$I$10)*$J$10,2))),"",IF($I32="","",ROUND(($I32/$I$10)*$J$10,2))) | K32: =IF($J32="","",ROUND($J32*$K$10,2)) | O32: =IF(COUNT($L32:$N32)=0,"",SUM($L32:$N32)) | P32: =IF(ISERROR(IF($O32="","",ROUND(($O32/$O$10)*$P$10,2))),"",IF($O32="","",ROUND(($O32/$O$10)*$P$10,2))) | Q32: =IF($P32="","",ROUND($P32*$Q$10,2)) | U32: =IF(COUNT($R32:$T32)=0,"",SUM($R32:$T32)) | V32: =IF(ISERROR(IF($U32="","",ROUND(($U32/$U$10)*$V$10,2))),"",IF($U32="","",ROUND(($U32/$U$10)*$V$10,2))) | W32: =IF($V32="","",ROUND($V32*$W$10,2)) | X32: =IF(ISERROR(IF($T32="","",ROUND(SUM($K32,$Q32,$W32),2))),"",IF($T32="","",ROUND(SUM($K32,$Q32,$W32),2))) | Y32: =IF(ISERROR(IF($T32="","",VLOOKUP(X32,NewTransmu,4,TRUE))),"",IF($T32="","",VLOOKUP(X32,NewTransmu,4,TRUE))) | Z32: =IF(ISERROR(IF(Y32="","",VLOOKUP(Y32,DESCRIPTORS,4,TRUE))),"",IF(Y32="","",VLOOKUP(Y32,DESCRIPTORS,4,TRUE))) | AB32: Lowest Score | AC32: =IF(COUNTA(R13:R116)=0,"",MIN(R13:R116)) | AD32: =IF(COUNTA(S13:S116)=0,"",MIN(S13:S116)) | AE32: =IF(COUNTA(T13:T116)=0,"",MIN(T13:T116)) | AT32: =(R32/$R$10)*100 -> #DIV/0! | AU32: =(S32/$S$10)*100 -> #DIV/0! | AV32: =(T32/$T$10)*100 -> #DIV/0!
A33: =INPUT!A32 -> 0 | B33: =INPUT!B32 -> 0 | C33: =INPUT!C32 -> 0 | I33: =IF(COUNT($D33:$H33)=0,"",SUM($D33:$H33)) | J33: =IF(ISERROR(IF($I33="","",ROUND(($I33/$I$10)*$J$10,2))),"",IF($I33="","",ROUND(($I33/$I$10)*$J$10,2))) | K33: =IF($J33="","",ROUND($J33*$K$10,2)) | O33: =IF(COUNT($L33:$N33)=0,"",SUM($L33:$N33)) | P33: =IF(ISERROR(IF($O33="","",ROUND(($O33/$O$10)*$P$10,2))),"",IF($O33="","",ROUND(($O33/$O$10)*$P$10,2))) | Q33: =IF($P33="","",ROUND($P33*$Q$10,2)) | U33: =IF(COUNT($R33:$T33)=0,"",SUM($R33:$T33)) | V33: =IF(ISERROR(IF($U33="","",ROUND(($U33/$U$10)*$V$10,2))),"",IF($U33="","",ROUND(($U33/$U$10)*$V$10,2))) | W33: =IF($V33="","",ROUND($V33*$W$10,2)) | X33: =IF(ISERROR(IF($T33="","",ROUND(SUM($K33,$Q33,$W33),2))),"",IF($T33="","",ROUND(SUM($K33,$Q33,$W33),2))) | Y33: =IF(ISERROR(IF($T33="","",VLOOKUP(X33,NewTransmu,4,TRUE))),"",IF($T33="","",VLOOKUP(X33,NewTransmu,4,TRUE))) | Z33: =IF(ISERROR(IF(Y33="","",VLOOKUP(Y33,DESCRIPTORS,4,TRUE))),"",IF(Y33="","",VLOOKUP(Y33,DESCRIPTORS,4,TRUE))) | AB33: Total Score | AC33: =IF(COUNTA(R13:R116)=0,"",SUM(R13:R116)) | AD33: =IF(COUNTA(S13:S116)=0,"",SUM(S13:S116)) | AE33: =IF(COUNTA(T13:T116)=0,"",SUM(T13:T116)) | AT33: =(R33/$R$10)*100 -> #DIV/0! | AU33: =(S33/$S$10)*100 -> #DIV/0! | AV33: =(T33/$T$10)*100 -> #DIV/0!
A34: =INPUT!A33 -> 0 | B34: =INPUT!B33 -> 0 | C34: =INPUT!C33 -> 0 | I34: =IF(COUNT($D34:$H34)=0,"",SUM($D34:$H34)) | J34: =IF(ISERROR(IF($I34="","",ROUND(($I34/$I$10)*$J$10,2))),"",IF($I34="","",ROUND(($I34/$I$10)*$J$10,2))) | K34: =IF($J34="","",ROUND($J34*$K$10,2)) | O34: =IF(COUNT($L34:$N34)=0,"",SUM($L34:$N34)) | P34: =IF(ISERROR(IF($O34="","",ROUND(($O34/$O$10)*$P$10,2))),"",IF($O34="","",ROUND(($O34/$O$10)*$P$10,2))) | Q34: =IF($P34="","",ROUND($P34*$Q$10,2)) | U34: =IF(COUNT($R34:$T34)=0,"",SUM($R34:$T34)) | V34: =IF(ISERROR(IF($U34="","",ROUND(($U34/$U$10)*$V$10,2))),"",IF($U34="","",ROUND(($U34/$U$10)*$V$10,2))) | W34: =IF($V34="","",ROUND($V34*$W$10,2)) | X34: =IF(ISERROR(IF($T34="","",ROUND(SUM($K34,$Q34,$W34),2))),"",IF($T34="","",ROUND(SUM($K34,$Q34,$W34),2))) | Y34: =IF(ISERROR(IF($T34="","",VLOOKUP(X34,NewTransmu,4,TRUE))),"",IF($T34="","",VLOOKUP(X34,NewTransmu,4,TRUE))) | Z34: =IF(ISERROR(IF(Y34="","",VLOOKUP(Y34,DESCRIPTORS,4,TRUE))),"",IF(Y34="","",VLOOKUP(Y34,DESCRIPTORS,4,TRUE))) | AT34: =(R34/$R$10)*100 -> #DIV/0! | AU34: =(S34/$S$10)*100 -> #DIV/0! | AV34: =(T34/$T$10)*100 -> #DIV/0!
A35: =INPUT!A34 -> 0 | B35: =INPUT!B34 -> 0 | C35: =INPUT!C34 -> 0 | I35: =IF(COUNT($D35:$H35)=0,"",SUM($D35:$H35)) | J35: =IF(ISERROR(IF($I35="","",ROUND(($I35/$I$10)*$J$10,2))),"",IF($I35="","",ROUND(($I35/$I$10)*$J$10,2))) | K35: =IF($J35="","",ROUND($J35*$K$10,2)) | O35: =IF(COUNT($L35:$N35)=0,"",SUM($L35:$N35)) | P35: =IF(ISERROR(IF($O35="","",ROUND(($O35/$O$10)*$P$10,2))),"",IF($O35="","",ROUND(($O35/$O$10)*$P$10,2))) | Q35: =IF($P35="","",ROUND($P35*$Q$10,2)) | U35: =IF(COUNT($R35:$T35)=0,"",SUM($R35:$T35)) | V35: =IF(ISERROR(IF($U35="","",ROUND(($U35/$U$10)*$V$10,2))),"",IF($U35="","",ROUND(($U35/$U$10)*$V$10,2))) | W35: =IF($V35="","",ROUND($V35*$W$10,2)) | X35: =IF(ISERROR(IF($T35="","",ROUND(SUM($K35,$Q35,$W35),2))),"",IF($T35="","",ROUND(SUM($K35,$Q35,$W35),2))) | Y35: =IF(ISERROR(IF($T35="","",VLOOKUP(X35,NewTransmu,4,TRUE))),"",IF($T35="","",VLOOKUP(X35,NewTransmu,4,TRUE))) | Z35: =IF(ISERROR(IF(Y35="","",VLOOKUP(Y35,DESCRIPTORS,4,TRUE))),"",IF(Y35="","",VLOOKUP(Y35,DESCRIPTORS,4,TRUE))) | AT35: =(R35/$R$10)*100 -> #DIV/0! | AU35: =(S35/$S$10)*100 -> #DIV/0! | AV35: =(T35/$T$10)*100 -> #DIV/0!
A36: =INPUT!A35 -> 0 | B36: =INPUT!B35 -> 0 | C36: =INPUT!C35 -> 0 | I36: =IF(COUNT($D36:$H36)=0,"",SUM($D36:$H36)) | J36: =IF(ISERROR(IF($I36="","",ROUND(($I36/$I$10)*$J$10,2))),"",IF($I36="","",ROUND(($I36/$I$10)*$J$10,2))) | K36: =IF($J36="","",ROUND($J36*$K$10,2)) | O36: =IF(COUNT($L36:$N36)=0,"",SUM($L36:$N36)) | P36: =IF(ISERROR(IF($O36="","",ROUND(($O36/$O$10)*$P$10,2))),"",IF($O36="","",ROUND(($O36/$O$10)*$P$10,2))) | Q36: =IF($P36="","",ROUND($P36*$Q$10,2)) | U36: =IF(COUNT($R36:$T36)=0,"",SUM($R36:$T36)) | V36: =IF(ISERROR(IF($U36="","",ROUND(($U36/$U$10)*$V$10,2))),"",IF($U36="","",ROUND(($U36/$U$10)*$V$10,2))) | W36: =IF($V36="","",ROUND($V36*$W$10,2)) | X36: =IF(ISERROR(IF($T36="","",ROUND(SUM($K36,$Q36,$W36),2))),"",IF($T36="","",ROUND(SUM($K36,$Q36,$W36),2))) | Y36: =IF(ISERROR(IF($T36="","",VLOOKUP(X36,NewTransmu,4,TRUE))),"",IF($T36="","",VLOOKUP(X36,NewTransmu,4,TRUE))) | Z36: =IF(ISERROR(IF(Y36="","",VLOOKUP(Y36,DESCRIPTORS,4,TRUE))),"",IF(Y36="","",VLOOKUP(Y36,DESCRIPTORS,4,TRUE))) | AT36: =(R36/$R$10)*100 -> #DIV/0! | AU36: =(S36/$S$10)*100 -> #DIV/0! | AV36: =(T36/$T$10)*100 -> #DIV/0!
A37: =INPUT!A36 -> 0 | B37: =INPUT!B36 -> 0 | C37: =INPUT!C36 -> 0 | I37: =IF(COUNT($D37:$H37)=0,"",SUM($D37:$H37)) | J37: =IF(ISERROR(IF($I37="","",ROUND(($I37/$I$10)*$J$10,2))),"",IF($I37="","",ROUND(($I37/$I$10)*$J$10,2))) | K37: =IF($J37="","",ROUND($J37*$K$10,2)) | O37: =IF(COUNT($L37:$N37)=0,"",SUM($L37:$N37)) | P37: =IF(ISERROR(IF($O37="","",ROUND(($O37/$O$10)*$P$10,2))),"",IF($O37="","",ROUND(($O37/$O$10)*$P$10,2))) | Q37: =IF($P37="","",ROUND($P37*$Q$10,2)) | U37: =IF(COUNT($R37:$T37)=0,"",SUM($R37:$T37)) | V37: =IF(ISERROR(IF($U37="","",ROUND(($U37/$U$10)*$V$10,2))),"",IF($U37="","",ROUND(($U37/$U$10)*$V$10,2))) | W37: =IF($V37="","",ROUND($V37*$W$10,2)) | X37: =IF(ISERROR(IF($T37="","",ROUND(SUM($K37,$Q37,$W37),2))),"",IF($T37="","",ROUND(SUM($K37,$Q37,$W37),2))) | Y37: =IF(ISERROR(IF($T37="","",VLOOKUP(X37,NewTransmu,4,TRUE))),"",IF($T37="","",VLOOKUP(X37,NewTransmu,4,TRUE))) | Z37: =IF(ISERROR(IF(Y37="","",VLOOKUP(Y37,DESCRIPTORS,4,TRUE))),"",IF(Y37="","",VLOOKUP(Y37,DESCRIPTORS,4,TRUE))) | AT37: =(R37/$R$10)*100 -> #DIV/0! | AU37: =(S37/$S$10)*100 -> #DIV/0! | AV37: =(T37/$T$10)*100 -> #DIV/0!
A38: =INPUT!A37 -> 0 | B38: =INPUT!B37 -> 0 | C38: =INPUT!C37 -> 0 | I38: =IF(COUNT($D38:$H38)=0,"",SUM($D38:$H38)) | J38: =IF(ISERROR(IF($I38="","",ROUND(($I38/$I$10)*$J$10,2))),"",IF($I38="","",ROUND(($I38/$I$10)*$J$10,2))) | K38: =IF($J38="","",ROUND($J38*$K$10,2)) | O38: =IF(COUNT($L38:$N38)=0,"",SUM($L38:$N38)) | P38: =IF(ISERROR(IF($O38="","",ROUND(($O38/$O$10)*$P$10,2))),"",IF($O38="","",ROUND(($O38/$O$10)*$P$10,2))) | Q38: =IF($P38="","",ROUND($P38*$Q$10,2)) | U38: =IF(COUNT($R38:$T38)=0,"",SUM($R38:$T38)) | V38: =IF(ISERROR(IF($U38="","",ROUND(($U38/$U$10)*$V$10,2))),"",IF($U38="","",ROUND(($U38/$U$10)*$V$10,2))) | W38: =IF($V38="","",ROUND($V38*$W$10,2)) | X38: =IF(ISERROR(IF($T38="","",ROUND(SUM($K38,$Q38,$W38),2))),"",IF($T38="","",ROUND(SUM($K38,$Q38,$W38),2))) | Y38: =IF(ISERROR(IF($T38="","",VLOOKUP(X38,NewTransmu,4,TRUE))),"",IF($T38="","",VLOOKUP(X38,NewTransmu,4,TRUE))) | Z38: =IF(ISERROR(IF(Y38="","",VLOOKUP(Y38,DESCRIPTORS,4,TRUE))),"",IF(Y38="","",VLOOKUP(Y38,DESCRIPTORS,4,TRUE))) | AT38: =(R38/$R$10)*100 -> #DIV/0! | AU38: =(S38/$S$10)*100 -> #DIV/0! | AV38: =(T38/$T$10)*100 -> #DIV/0!
A39: =INPUT!A38 -> 0 | B39: =INPUT!B38 -> 0 | C39: =INPUT!C38 -> 0 | I39: =IF(COUNT($D39:$H39)=0,"",SUM($D39:$H39)) | J39: =IF(ISERROR(IF($I39="","",ROUND(($I39/$I$10)*$J$10,2))),"",IF($I39="","",ROUND(($I39/$I$10)*$J$10,2))) | K39: =IF($J39="","",ROUND($J39*$K$10,2)) | O39: =IF(COUNT($L39:$N39)=0,"",SUM($L39:$N39)) | P39: =IF(ISERROR(IF($O39="","",ROUND(($O39/$O$10)*$P$10,2))),"",IF($O39="","",ROUND(($O39/$O$10)*$P$10,2))) | Q39: =IF($P39="","",ROUND($P39*$Q$10,2)) | U39: =IF(COUNT($R39:$T39)=0,"",SUM($R39:$T39)) | V39: =IF(ISERROR(IF($U39="","",ROUND(($U39/$U$10)*$V$10,2))),"",IF($U39="","",ROUND(($U39/$U$10)*$V$10,2))) | W39: =IF($V39="","",ROUND($V39*$W$10,2)) | X39: =IF(ISERROR(IF($T39="","",ROUND(SUM($K39,$Q39,$W39),2))),"",IF($T39="","",ROUND(SUM($K39,$Q39,$W39),2))) | Y39: =IF(ISERROR(IF($T39="","",VLOOKUP(X39,NewTransmu,4,TRUE))),"",IF($T39="","",VLOOKUP(X39,NewTransmu,4,TRUE))) | Z39: =IF(ISERROR(IF(Y39="","",VLOOKUP(Y39,DESCRIPTORS,4,TRUE))),"",IF(Y39="","",VLOOKUP(Y39,DESCRIPTORS,4,TRUE))) | AT39: =(R39/$R$10)*100 -> #DIV/0! | AU39: =(S39/$S$10)*100 -> #DIV/0! | AV39: =(T39/$T$10)*100 -> #DIV/0!
A40: =INPUT!A39 -> 0 | B40: =INPUT!B39 -> 0 | C40: =INPUT!C39 -> 0 | I40: =IF(COUNT($D40:$H40)=0,"",SUM($D40:$H40)) | J40: =IF(ISERROR(IF($I40="","",ROUND(($I40/$I$10)*$J$10,2))),"",IF($I40="","",ROUND(($I40/$I$10)*$J$10,2))) | K40: =IF($J40="","",ROUND($J40*$K$10,2)) | O40: =IF(COUNT($L40:$N40)=0,"",SUM($L40:$N40)) | P40: =IF(ISERROR(IF($O40="","",ROUND(($O40/$O$10)*$P$10,2))),"",IF($O40="","",ROUND(($O40/$O$10)*$P$10,2))) | Q40: =IF($P40="","",ROUND($P40*$Q$10,2)) | U40: =IF(COUNT($R40:$T40)=0,"",SUM($R40:$T40)) | V40: =IF(ISERROR(IF($U40="","",ROUND(($U40/$U$10)*$V$10,2))),"",IF($U40="","",ROUND(($U40/$U$10)*$V$10,2))) | W40: =IF($V40="","",ROUND($V40*$W$10,2)) | X40: =IF(ISERROR(IF($T40="","",ROUND(SUM($K40,$Q40,$W40),2))),"",IF($T40="","",ROUND(SUM($K40,$Q40,$W40),2))) | Y40: =IF(ISERROR(IF($T40="","",VLOOKUP(X40,NewTransmu,4,TRUE))),"",IF($T40="","",VLOOKUP(X40,NewTransmu,4,TRUE))) | Z40: =IF(ISERROR(IF(Y40="","",VLOOKUP(Y40,DESCRIPTORS,4,TRUE))),"",IF(Y40="","",VLOOKUP(Y40,DESCRIPTORS,4,TRUE))) | AT40: =(R40/$R$10)*100 -> #DIV/0! | AU40: =(S40/$S$10)*100 -> #DIV/0! | AV40: =(T40/$T$10)*100 -> #DIV/0!
A41: =INPUT!A40 -> 0 | B41: =INPUT!B40 -> 0 | C41: =INPUT!C40 -> 0 | I41: =IF(COUNT($D41:$H41)=0,"",SUM($D41:$H41)) | J41: =IF(ISERROR(IF($I41="","",ROUND(($I41/$I$10)*$J$10,2))),"",IF($I41="","",ROUND(($I41/$I$10)*$J$10,2))) | K41: =IF($J41="","",ROUND($J41*$K$10,2)) | O41: =IF(COUNT($L41:$N41)=0,"",SUM($L41:$N41)) | P41: =IF(ISERROR(IF($O41="","",ROUND(($O41/$O$10)*$P$10,2))),"",IF($O41="","",ROUND(($O41/$O$10)*$P$10,2))) | Q41: =IF($P41="","",ROUND($P41*$Q$10,2)) | U41: =IF(COUNT($R41:$T41)=0,"",SUM($R41:$T41)) | V41: =IF(ISERROR(IF($U41="","",ROUND(($U41/$U$10)*$V$10,2))),"",IF($U41="","",ROUND(($U41/$U$10)*$V$10,2))) | W41: =IF($V41="","",ROUND($V41*$W$10,2)) | X41: =IF(ISERROR(IF($T41="","",ROUND(SUM($K41,$Q41,$W41),2))),"",IF($T41="","",ROUND(SUM($K41,$Q41,$W41),2))) | Y41: =IF(ISERROR(IF($T41="","",VLOOKUP(X41,NewTransmu,4,TRUE))),"",IF($T41="","",VLOOKUP(X41,NewTransmu,4,TRUE))) | Z41: =IF(ISERROR(IF(Y41="","",VLOOKUP(Y41,DESCRIPTORS,4,TRUE))),"",IF(Y41="","",VLOOKUP(Y41,DESCRIPTORS,4,TRUE))) | AT41: =(R41/$R$10)*100 -> #DIV/0! | AU41: =(S41/$S$10)*100 -> #DIV/0! | AV41: =(T41/$T$10)*100 -> #DIV/0!
A42: =INPUT!A41 -> 0 | B42: =INPUT!B41 -> 0 | C42: =INPUT!C41 -> 0 | I42: =IF(COUNT($D42:$H42)=0,"",SUM($D42:$H42)) | J42: =IF(ISERROR(IF($I42="","",ROUND(($I42/$I$10)*$J$10,2))),"",IF($I42="","",ROUND(($I42/$I$10)*$J$10,2))) | K42: =IF($J42="","",ROUND($J42*$K$10,2)) | O42: =IF(COUNT($L42:$N42)=0,"",SUM($L42:$N42)) | P42: =IF(ISERROR(IF($O42="","",ROUND(($O42/$O$10)*$P$10,2))),"",IF($O42="","",ROUND(($O42/$O$10)*$P$10,2))) | Q42: =IF($P42="","",ROUND($P42*$Q$10,2)) | U42: =IF(COUNT($R42:$T42)=0,"",SUM($R42:$T42)) | V42: =IF(ISERROR(IF($U42="","",ROUND(($U42/$U$10)*$V$10,2))),"",IF($U42="","",ROUND(($U42/$U$10)*$V$10,2))) | W42: =IF($V42="","",ROUND($V42*$W$10,2)) | X42: =IF(ISERROR(IF($T42="","",ROUND(SUM($K42,$Q42,$W42),2))),"",IF($T42="","",ROUND(SUM($K42,$Q42,$W42),2))) | Y42: =IF(ISERROR(IF($T42="","",VLOOKUP(X42,NewTransmu,4,TRUE))),"",IF($T42="","",VLOOKUP(X42,NewTransmu,4,TRUE))) | Z42: =IF(ISERROR(IF(Y42="","",VLOOKUP(Y42,DESCRIPTORS,4,TRUE))),"",IF(Y42="","",VLOOKUP(Y42,DESCRIPTORS,4,TRUE))) | AT42: =(R42/$R$10)*100 -> #DIV/0! | AU42: =(S42/$S$10)*100 -> #DIV/0! | AV42: =(T42/$T$10)*100 -> #DIV/0!
A43: =INPUT!A42 -> 0 | B43: =INPUT!B42 -> 0 | C43: =INPUT!C42 -> 0 | I43: =IF(COUNT($D43:$H43)=0,"",SUM($D43:$H43)) | J43: =IF(ISERROR(IF($I43="","",ROUND(($I43/$I$10)*$J$10,2))),"",IF($I43="","",ROUND(($I43/$I$10)*$J$10,2))) | K43: =IF($J43="","",ROUND($J43*$K$10,2)) | O43: =IF(COUNT($L43:$N43)=0,"",SUM($L43:$N43)) | P43: =IF(ISERROR(IF($O43="","",ROUND(($O43/$O$10)*$P$10,2))),"",IF($O43="","",ROUND(($O43/$O$10)*$P$10,2))) | Q43: =IF($P43="","",ROUND($P43*$Q$10,2)) | U43: =IF(COUNT($R43:$T43)=0,"",SUM($R43:$T43)) | V43: =IF(ISERROR(IF($U43="","",ROUND(($U43/$U$10)*$V$10,2))),"",IF($U43="","",ROUND(($U43/$U$10)*$V$10,2))) | W43: =IF($V43="","",ROUND($V43*$W$10,2)) | X43: =IF(ISERROR(IF($T43="","",ROUND(SUM($K43,$Q43,$W43),2))),"",IF($T43="","",ROUND(SUM($K43,$Q43,$W43),2))) | Y43: =IF(ISERROR(IF($T43="","",VLOOKUP(X43,NewTransmu,4,TRUE))),"",IF($T43="","",VLOOKUP(X43,NewTransmu,4,TRUE))) | Z43: =IF(ISERROR(IF(Y43="","",VLOOKUP(Y43,DESCRIPTORS,4,TRUE))),"",IF(Y43="","",VLOOKUP(Y43,DESCRIPTORS,4,TRUE))) | AT43: =(R43/$R$10)*100 -> #DIV/0! | AU43: =(S43/$S$10)*100 -> #DIV/0! | AV43: =(T43/$T$10)*100 -> #DIV/0!
A44: =INPUT!A43 -> 0 | B44: =INPUT!B43 -> 0 | C44: =INPUT!C43 -> 0 | I44: =IF(COUNT($D44:$H44)=0,"",SUM($D44:$H44)) | J44: =IF(ISERROR(IF($I44="","",ROUND(($I44/$I$10)*$J$10,2))),"",IF($I44="","",ROUND(($I44/$I$10)*$J$10,2))) | K44: =IF($J44="","",ROUND($J44*$K$10,2)) | O44: =IF(COUNT($L44:$N44)=0,"",SUM($L44:$N44)) | P44: =IF(ISERROR(IF($O44="","",ROUND(($O44/$O$10)*$P$10,2))),"",IF($O44="","",ROUND(($O44/$O$10)*$P$10,2))) | Q44: =IF($P44="","",ROUND($P44*$Q$10,2)) | U44: =IF(COUNT($R44:$T44)=0,"",SUM($R44:$T44)) | V44: =IF(ISERROR(IF($U44="","",ROUND(($U44/$U$10)*$V$10,2))),"",IF($U44="","",ROUND(($U44/$U$10)*$V$10,2))) | W44: =IF($V44="","",ROUND($V44*$W$10,2)) | X44: =IF(ISERROR(IF($T44="","",ROUND(SUM($K44,$Q44,$W44),2))),"",IF($T44="","",ROUND(SUM($K44,$Q44,$W44),2))) | Y44: =IF(ISERROR(IF($T44="","",VLOOKUP(X44,NewTransmu,4,TRUE))),"",IF($T44="","",VLOOKUP(X44,NewTransmu,4,TRUE))) | Z44: =IF(ISERROR(IF(Y44="","",VLOOKUP(Y44,DESCRIPTORS,4,TRUE))),"",IF(Y44="","",VLOOKUP(Y44,DESCRIPTORS,4,TRUE))) | AT44: =(R44/$R$10)*100 -> #DIV/0! | AU44: =(S44/$S$10)*100 -> #DIV/0! | AV44: =(T44/$T$10)*100 -> #DIV/0!
A45: =INPUT!A44 -> 0 | B45: =INPUT!B44 -> 0 | C45: =INPUT!C44 -> 0 | I45: =IF(COUNT($D45:$H45)=0,"",SUM($D45:$H45)) | J45: =IF(ISERROR(IF($I45="","",ROUND(($I45/$I$10)*$J$10,2))),"",IF($I45="","",ROUND(($I45/$I$10)*$J$10,2))) | K45: =IF($J45="","",ROUND($J45*$K$10,2)) | O45: =IF(COUNT($L45:$N45)=0,"",SUM($L45:$N45)) | P45: =IF(ISERROR(IF($O45="","",ROUND(($O45/$O$10)*$P$10,2))),"",IF($O45="","",ROUND(($O45/$O$10)*$P$10,2))) | Q45: =IF($P45="","",ROUND($P45*$Q$10,2)) | U45: =IF(COUNT($R45:$T45)=0,"",SUM($R45:$T45)) | V45: =IF(ISERROR(IF($U45="","",ROUND(($U45/$U$10)*$V$10,2))),"",IF($U45="","",ROUND(($U45/$U$10)*$V$10,2))) | W45: =IF($V45="","",ROUND($V45*$W$10,2)) | X45: =IF(ISERROR(IF($T45="","",ROUND(SUM($K45,$Q45,$W45),2))),"",IF($T45="","",ROUND(SUM($K45,$Q45,$W45),2))) | Y45: =IF(ISERROR(IF($T45="","",VLOOKUP(X45,NewTransmu,4,TRUE))),"",IF($T45="","",VLOOKUP(X45,NewTransmu,4,TRUE))) | Z45: =IF(ISERROR(IF(Y45="","",VLOOKUP(Y45,DESCRIPTORS,4,TRUE))),"",IF(Y45="","",VLOOKUP(Y45,DESCRIPTORS,4,TRUE))) | AT45: =(R45/$R$10)*100 -> #DIV/0! | AU45: =(S45/$S$10)*100 -> #DIV/0! | AV45: =(T45/$T$10)*100 -> #DIV/0!
... A61: =INPUT!A60 -> 0 | B61: =INPUT!B60 -> 0 | C61: =INPUT!C60 -> 0 | I61: =IF(COUNT($D61:$H61)=0,"",SUM($D61:$H61)) | J61: =IF(ISERROR(IF($I61="","",ROUND(($I61/$I$10)*$J$10,2))),"",IF($I61="","",ROUND(($I61/$I$10)*$J$10,2))) | K61: =IF($J61="","",ROUND($J61*$K$10,2)) | O61: =IF(COUNT($L61:$N61)=0,"",SUM($L61:$N61)) | P61: =IF(ISERROR(IF($O61="","",ROUND(($O61/$O$10)*$P$10,2))),"",IF($O61="","",ROUND(($O61/$O$10)*$P$10,2))) | Q61: =IF($P61="","",ROUND($P61*$Q$10,2)) | U61: =IF(COUNT($R61:$T61)=0,"",SUM($R61:$T61)) | V61: =IF(ISERROR(IF($U61="","",ROUND(($U61/$U$10)*$V$10,2))),"",IF($U61="","",ROUND(($U61/$U$10)*$V$10,2))) | W61: =IF($V61="","",ROUND($V61*$W$10,2)) | X61: =IF(ISERROR(IF($T61="","",ROUND(SUM($K61,$Q61,$W61),2))),"",IF($T61="","",ROUND(SUM($K61,$Q61,$W61),2))) | Y61: =IF(ISERROR(IF($T61="","",VLOOKUP(X61,NewTransmu,4,TRUE))),"",IF($T61="","",VLOOKUP(X61,NewTransmu,4,TRUE))) | Z61: =IF(ISERROR(IF(Y61="","",VLOOKUP(Y61,DESCRIPTORS,4,TRUE))),"",IF(Y61="","",VLOOKUP(Y61,DESCRIPTORS,4,TRUE))) | AT61: =(R61/$R$10)*100 -> #DIV/0! | AU61: =(S61/$S$10)*100 -> #DIV/0! | AV61: =(T61/$T$10)*100 -> #DIV/0!
I62: =IF(COUNT($D62:$H62)=0,"",SUM($D62:$H62)) | J62: =IF(ISERROR(IF($I62="","",ROUND(($I62/$I$10)*$J$10,2))),"",IF($I62="","",ROUND(($I62/$I$10)*$J$10,2))) | K62: =IF($J62="","",ROUND($J62*$K$10,2)) | O62: =IF(COUNT($L62:$N62)=0,"",SUM($L62:$N62)) | P62: =IF(ISERROR(IF($O62="","",ROUND(($O62/$O$10)*$P$10,2))),"",IF($O62="","",ROUND(($O62/$O$10)*$P$10,2))) | Q62: =IF($P62="","",ROUND($P62*$Q$10,2)) | U62: =IF(COUNT($R62:$T62)=0,"",SUM($R62:$T62)) | V62: =IF(ISERROR(IF($U62="","",ROUND(($U62/$U$10)*$V$10,2))),"",IF($U62="","",ROUND(($U62/$U$10)*$V$10,2))) | W62: =IF($V62="","",ROUND($V62*$W$10,2)) | X62: =IF(ISERROR(IF($T62="","",ROUND(SUM($K62,$Q62,$W62),2))),"",IF($T62="","",ROUND(SUM($K62,$Q62,$W62),2))) | Y62: =IF(ISERROR(IF($T62="","",VLOOKUP(X62,NewTransmu,4,TRUE))),"",IF($T62="","",VLOOKUP(X62,NewTransmu,4,TRUE))) | Z62: =IF(ISERROR(IF(Y62="","",VLOOKUP(Y62,DESCRIPTORS,4,TRUE))),"",IF(Y62="","",VLOOKUP(Y62,DESCRIPTORS,4,TRUE))) | AT62: =(R62/$R$10)*100 -> #DIV/0! | AU62: =(S62/$S$10)*100 -> #DIV/0! | AV62: =(T62/$T$10)*100 -> #DIV/0!
A63: {end_boys_numbering} | B63: {boys_end_id} | C63: {end_boys}
B64: FEMALE | AT64: =(R64/$R$10)*100 -> #DIV/0! | AU64: =(S64/$S$10)*100 -> #DIV/0! | AV64: =(T64/$T$10)*100 -> #DIV/0!
A65: {start_girls_numbering} | B65: {girls_start_id} | C65: {start_girls}
A66: =INPUT!A64 -> 1 | B66: =INPUT!B64 -> 2022-00020 | C66: =INPUT!C64 -> Araquil, Jheane Joel | I66: =IF(COUNT($D66:$H66)=0,"",SUM($D66:$H66)) | J66: =IF(ISERROR(IF($I66="","",ROUND(($I66/$I$10)*$J$10,2))),"",IF($I66="","",ROUND(($I66/$I$10)*$J$10,2))) | K66: =IF($J66="","",ROUND($J66*$K$10,2)) | O66: =IF(COUNT($L66:$N66)=0,"",SUM($L66:$N66)) | P66: =IF(ISERROR(IF($O66="","",ROUND(($O66/$O$10)*$P$10,2))),"",IF($O66="","",ROUND(($O66/$O$10)*$P$10,2))) | Q66: =IF($P66="","",ROUND($P66*$Q$10,2)) | U66: =IF(COUNT($R66:$T66)=0,"",SUM($R66:$T66)) | V66: =IF(ISERROR(IF($U66="","",ROUND(($U66/$U$10)*$V$10,2))),"",IF($U66="","",ROUND(($U66/$U$10)*$V$10,2))) | W66: =IF($V66="","",ROUND($V66*$W$10,2)) | X66: =IF(ISERROR(IF($T66="","",ROUND(SUM($K66,$Q66,$W66),2))),"",IF($T66="","",ROUND(SUM($K66,$Q66,$W66),2))) | Y66: =IF(ISERROR(IF($T66="","",VLOOKUP(X66,NewTransmu,4,TRUE))),"",IF($T66="","",VLOOKUP(X66,NewTransmu,4,TRUE))) | Z66: =IF(ISERROR(IF(Y66="","",VLOOKUP(Y66,DESCRIPTORS,4,TRUE))),"",IF(Y66="","",VLOOKUP(Y66,DESCRIPTORS,4,TRUE))) | AT66: =(R66/$R$10)*100 -> #DIV/0! | AU66: =(S66/$S$10)*100 -> #DIV/0! | AV66: =(T66/$T$10)*100 -> #DIV/0!
A67: =INPUT!A65 -> 2 | B67: =INPUT!B65 -> 2022-00021 | C67: =INPUT!C65 -> Balacuit, Kyle Anjheilee | I67: =IF(COUNT($D67:$H67)=0,"",SUM($D67:$H67)) | J67: =IF(ISERROR(IF($I67="","",ROUND(($I67/$I$10)*$J$10,2))),"",IF($I67="","",ROUND(($I67/$I$10)*$J$10,2))) | K67: =IF($J67="","",ROUND($J67*$K$10,2)) | O67: =IF(COUNT($L67:$N67)=0,"",SUM($L67:$N67)) | P67: =IF(ISERROR(IF($O67="","",ROUND(($O67/$O$10)*$P$10,2))),"",IF($O67="","",ROUND(($O67/$O$10)*$P$10,2))) | Q67: =IF($P67="","",ROUND($P67*$Q$10,2)) | U67: =IF(COUNT($R67:$T67)=0,"",SUM($R67:$T67)) | V67: =IF(ISERROR(IF($U67="","",ROUND(($U67/$U$10)*$V$10,2))),"",IF($U67="","",ROUND(($U67/$U$10)*$V$10,2))) | W67: =IF($V67="","",ROUND($V67*$W$10,2)) | X67: =IF(ISERROR(IF($T67="","",ROUND(SUM($K67,$Q67,$W67),2))),"",IF($T67="","",ROUND(SUM($K67,$Q67,$W67),2))) | Y67: =IF(ISERROR(IF($T67="","",VLOOKUP(X67,NewTransmu,4,TRUE))),"",IF($T67="","",VLOOKUP(X67,NewTransmu,4,TRUE))) | Z67: =IF(ISERROR(IF(Y67="","",VLOOKUP(Y67,DESCRIPTORS,4,TRUE))),"",IF(Y67="","",VLOOKUP(Y67,DESCRIPTORS,4,TRUE))) | AT67: =(R67/$R$10)*100 -> #DIV/0! | AU67: =(S67/$S$10)*100 -> #DIV/0! | AV67: =(T67/$T$10)*100 -> #DIV/0!
A68: =INPUT!A66 -> 3 | B68: =INPUT!B66 -> 2022-00022 | C68: =INPUT!C66 -> Barcelona, Jannah Grich | I68: =IF(COUNT($D68:$H68)=0,"",SUM($D68:$H68)) | J68: =IF(ISERROR(IF($I68="","",ROUND(($I68/$I$10)*$J$10,2))),"",IF($I68="","",ROUND(($I68/$I$10)*$J$10,2))) | K68: =IF($J68="","",ROUND($J68*$K$10,2)) | O68: =IF(COUNT($L68:$N68)=0,"",SUM($L68:$N68)) | P68: =IF(ISERROR(IF($O68="","",ROUND(($O68/$O$10)*$P$10,2))),"",IF($O68="","",ROUND(($O68/$O$10)*$P$10,2))) | Q68: =IF($P68="","",ROUND($P68*$Q$10,2)) | U68: =IF(COUNT($R68:$T68)=0,"",SUM($R68:$T68)) | V68: =IF(ISERROR(IF($U68="","",ROUND(($U68/$U$10)*$V$10,2))),"",IF($U68="","",ROUND(($U68/$U$10)*$V$10,2))) | W68: =IF($V68="","",ROUND($V68*$W$10,2)) | X68: =IF(ISERROR(IF($T68="","",ROUND(SUM($K68,$Q68,$W68),2))),"",IF($T68="","",ROUND(SUM($K68,$Q68,$W68),2))) | Y68: =IF(ISERROR(IF($T68="","",VLOOKUP(X68,NewTransmu,4,TRUE))),"",IF($T68="","",VLOOKUP(X68,NewTransmu,4,TRUE))) | Z68: =IF(ISERROR(IF(Y68="","",VLOOKUP(Y68,DESCRIPTORS,4,TRUE))),"",IF(Y68="","",VLOOKUP(Y68,DESCRIPTORS,4,TRUE))) | AT68: =(R68/$R$10)*100 -> #DIV/0! | AU68: =(S68/$S$10)*100 -> #DIV/0! | AV68: =(T68/$T$10)*100 -> #DIV/0!
A69: =INPUT!A67 -> 4 | B69: =INPUT!B67 -> 2022-00421 | C69: =INPUT!C67 -> Bartonico, Flenzeu | I69: =IF(COUNT($D69:$H69)=0,"",SUM($D69:$H69)) | J69: =IF(ISERROR(IF($I69="","",ROUND(($I69/$I$10)*$J$10,2))),"",IF($I69="","",ROUND(($I69/$I$10)*$J$10,2))) | K69: =IF($J69="","",ROUND($J69*$K$10,2)) | O69: =IF(COUNT($L69:$N69)=0,"",SUM($L69:$N69)) | P69: =IF(ISERROR(IF($O69="","",ROUND(($O69/$O$10)*$P$10,2))),"",IF($O69="","",ROUND(($O69/$O$10)*$P$10,2))) | Q69: =IF($P69="","",ROUND($P69*$Q$10,2)) | U69: =IF(COUNT($R69:$T69)=0,"",SUM($R69:$T69)) | V69: =IF(ISERROR(IF($U69="","",ROUND(($U69/$U$10)*$V$10,2))),"",IF($U69="","",ROUND(($U69/$U$10)*$V$10,2))) | W69: =IF($V69="","",ROUND($V69*$W$10,2)) | X69: =IF(ISERROR(IF($T69="","",ROUND(SUM($K69,$Q69,$W69),2))),"",IF($T69="","",ROUND(SUM($K69,$Q69,$W69),2))) | Y69: =IF(ISERROR(IF($T69="","",VLOOKUP(X69,NewTransmu,4,TRUE))),"",IF($T69="","",VLOOKUP(X69,NewTransmu,4,TRUE))) | Z69: =IF(ISERROR(IF(Y69="","",VLOOKUP(Y69,DESCRIPTORS,4,TRUE))),"",IF(Y69="","",VLOOKUP(Y69,DESCRIPTORS,4,TRUE))) | AT69: =(R69/$R$10)*100 -> #DIV/0! | AU69: =(S69/$S$10)*100 -> #DIV/0! | AV69: =(T69/$T$10)*100 -> #DIV/0!
A70: =INPUT!A68 -> 5 | B70: =INPUT!B68 -> 2022-00422 | C70: =INPUT!C68 -> Bernaldo, Rutchyl Gem | I70: =IF(COUNT($D70:$H70)=0,"",SUM($D70:$H70)) | J70: =IF(ISERROR(IF($I70="","",ROUND(($I70/$I$10)*$J$10,2))),"",IF($I70="","",ROUND(($I70/$I$10)*$J$10,2))) | K70: =IF($J70="","",ROUND($J70*$K$10,2)) | O70: =IF(COUNT($L70:$N70)=0,"",SUM($L70:$N70)) | P70: =IF(ISERROR(IF($O70="","",ROUND(($O70/$O$10)*$P$10,2))),"",IF($O70="","",ROUND(($O70/$O$10)*$P$10,2))) | Q70: =IF($P70="","",ROUND($P70*$Q$10,2)) | U70: =IF(COUNT($R70:$T70)=0,"",SUM($R70:$T70)) | V70: =IF(ISERROR(IF($U70="","",ROUND(($U70/$U$10)*$V$10,2))),"",IF($U70="","",ROUND(($U70/$U$10)*$V$10,2))) | W70: =IF($V70="","",ROUND($V70*$W$10,2)) | X70: =IF(ISERROR(IF($T70="","",ROUND(SUM($K70,$Q70,$W70),2))),"",IF($T70="","",ROUND(SUM($K70,$Q70,$W70),2))) | Y70: =IF(ISERROR(IF($T70="","",VLOOKUP(X70,NewTransmu,4,TRUE))),"",IF($T70="","",VLOOKUP(X70,NewTransmu,4,TRUE))) | Z70: =IF(ISERROR(IF(Y70="","",VLOOKUP(Y70,DESCRIPTORS,4,TRUE))),"",IF(Y70="","",VLOOKUP(Y70,DESCRIPTORS,4,TRUE))) | AT70: =(R70/$R$10)*100 -> #DIV/0! | AU70: =(S70/$S$10)*100 -> #DIV/0! | AV70: =(T70/$T$10)*100 -> #DIV/0!
A71: =INPUT!A69 -> 6 | B71: =INPUT!B69 -> 2022-00023 | C71: =INPUT!C69 -> Borja, Wins Daughter | I71: =IF(COUNT($D71:$H71)=0,"",SUM($D71:$H71)) | J71: =IF(ISERROR(IF($I71="","",ROUND(($I71/$I$10)*$J$10,2))),"",IF($I71="","",ROUND(($I71/$I$10)*$J$10,2))) | K71: =IF($J71="","",ROUND($J71*$K$10,2)) | O71: =IF(COUNT($L71:$N71)=0,"",SUM($L71:$N71)) | P71: =IF(ISERROR(IF($O71="","",ROUND(($O71/$O$10)*$P$10,2))),"",IF($O71="","",ROUND(($O71/$O$10)*$P$10,2))) | Q71: =IF($P71="","",ROUND($P71*$Q$10,2)) | U71: =IF(COUNT($R71:$T71)=0,"",SUM($R71:$T71)) | V71: =IF(ISERROR(IF($U71="","",ROUND(($U71/$U$10)*$V$10,2))),"",IF($U71="","",ROUND(($U71/$U$10)*$V$10,2))) | W71: =IF($V71="","",ROUND($V71*$W$10,2)) | X71: =IF(ISERROR(IF($T71="","",ROUND(SUM($K71,$Q71,$W71),2))),"",IF($T71="","",ROUND(SUM($K71,$Q71,$W71),2))) | Y71: =IF(ISERROR(IF($T71="","",VLOOKUP(X71,NewTransmu,4,TRUE))),"",IF($T71="","",VLOOKUP(X71,NewTransmu,4,TRUE))) | Z71: =IF(ISERROR(IF(Y71="","",VLOOKUP(Y71,DESCRIPTORS,4,TRUE))),"",IF(Y71="","",VLOOKUP(Y71,DESCRIPTORS,4,TRUE))) | AT71: =(R71/$R$10)*100 -> #DIV/0! | AU71: =(S71/$S$10)*100 -> #DIV/0! | AV71: =(T71/$T$10)*100 -> #DIV/0!
